product_id,name,imageURL,url,num_listings,lowest_price_with_shipping,market_price,latestChange,priceChange
593294,Prismatic Evolutions Booster Pack,https://tcgplayer-cdn.tcgplayer.com/product/593294_200w.jpg,https://www.tcgplayer.com/product/593294/pokemon-sv-prismatic-evolutions-prismatic-evolutions-booster-pack,59.0,12.49,12.27,2025-02-12 02:01:35,2.25%
593324,Prismatic Evolutions Pokemon Center Elite Trainer Box (Exclusive),https://tcgplayer-cdn.tcgplayer.com/product/593324_200w.jpg,https://www.tcgplayer.com/product/593324/pokemon-sv-prismatic-evolutions-prismatic-evolutions-pokemon-center-elite-trainer-box-exclusive,93.0,303.0,292.07,2025-02-12 02:01:35,3.08%
593355,Prismatic Evolutions Elite Trainer Box,https://tcgplayer-cdn.tcgplayer.com/product/593355_200w.jpg,https://www.tcgplayer.com/product/593355/pokemon-sv-prismatic-evolutions-prismatic-evolutions-elite-trainer-box,256.0,104.01,118.31,2025-02-12 02:01:35,-0.21%
593356,Prismatic Evolutions  Binder Collection,https://tcgplayer-cdn.tcgplayer.com/product/593356_200w.jpg,https://www.tcgplayer.com/product/593356/pokemon-sv-prismatic-evolutions-prismatic-evolutions-binder-collection,88.0,66.99,66.84,2025-02-12 02:01:35,0.68%
593359,Prismatic Evolutions Poster Collection,https://tcgplayer-cdn.tcgplayer.com/product/593359_200w.jpg,https://www.tcgplayer.com/product/593359/pokemon-sv-prismatic-evolutions-prismatic-evolutions-poster-collection,141.0,34.7,33.11,2025-02-12 02:01:35,1.22%
593450,Prismatic Evolutions Tech Sticker Collection [Sylveon],https://tcgplayer-cdn.tcgplayer.com/product/593450_200w.jpg,https://www.tcgplayer.com/product/593450/pokemon-sv-prismatic-evolutions-prismatic-evolutions-tech-sticker-collection-sylveon,32.0,32.68,33.6,2025-02-12 02:01:35,0.63%
593451,Prismatic Evolutions Tech Sticker Collection [Glaceon],https://tcgplayer-cdn.tcgplayer.com/product/593451_200w.jpg,https://www.tcgplayer.com/product/593451/pokemon-sv-prismatic-evolutions-prismatic-evolutions-tech-sticker-collection-glaceon,31.0,36.39,33.5,2025-02-12 02:01:35,1.24%
593453,Prismatic Evolutions Tech Sticker Collection [Leafeon],https://tcgplayer-cdn.tcgplayer.com/product/593453_200w.jpg,https://www.tcgplayer.com/product/593453/pokemon-sv-prismatic-evolutions-prismatic-evolutions-tech-sticker-collection-leafeon,43.0,29.9,33.59,2025-02-12 02:01:35,0.99%
593455,Prismatic Evolutions Mini Tin [Vaporeon],https://tcgplayer-cdn.tcgplayer.com/product/593455_200w.jpg,https://www.tcgplayer.com/product/593455/pokemon-sv-prismatic-evolutions-prismatic-evolutions-mini-tin-vaporeon,19.0,27.99,27.63,2025-02-12 02:01:35,-0.18%
593456,Prismatic Evolutions Mini Tin [Jolteon],https://tcgplayer-cdn.tcgplayer.com/product/593456_200w.jpg,https://www.tcgplayer.com/product/593456/pokemon-sv-prismatic-evolutions-prismatic-evolutions-mini-tin-jolteon,19.0,24.0,29.22,2025-02-12 02:01:35,-1.12%
593457,Prismatic Evolutions Mini Tin [Flareon],https://tcgplayer-cdn.tcgplayer.com/product/593457_200w.jpg,https://www.tcgplayer.com/product/593457/pokemon-sv-prismatic-evolutions-prismatic-evolutions-mini-tin-flareon,25.0,26.0,29.18,2025-02-12 02:01:35,-1.78%
593458,Prismatic Evolutions Mini Tin [Espeon],https://tcgplayer-cdn.tcgplayer.com/product/593458_200w.jpg,https://www.tcgplayer.com/product/593458/pokemon-sv-prismatic-evolutions-prismatic-evolutions-mini-tin-espeon,25.0,26.0,29.12,2025-02-12 02:01:35,-3.8%
593459,Prismatic Evolutions Mini Tin [Umbreon],https://tcgplayer-cdn.tcgplayer.com/product/593459_200w.jpg,https://www.tcgplayer.com/product/593459/pokemon-sv-prismatic-evolutions-prismatic-evolutions-mini-tin-umbreon,47.0,28.94,30.41,2025-02-12 02:01:35,-2.53%
593460,Prismatic Evolutions Mini Tin [Leafeon],https://tcgplayer-cdn.tcgplayer.com/product/593460_200w.jpg,https://www.tcgplayer.com/product/593460/pokemon-sv-prismatic-evolutions-prismatic-evolutions-mini-tin-leafeon,34.0,19.9,30.54,2025-02-12 02:01:35,-1.26%
593461,Prismatic Evolutions Mini Tin [Glaceon],https://tcgplayer-cdn.tcgplayer.com/product/593461_200w.jpg,https://www.tcgplayer.com/product/593461/pokemon-sv-prismatic-evolutions-prismatic-evolutions-mini-tin-glaceon,26.0,26.0,28.69,2025-02-12 02:01:35,-0.21%
593462,Prismatic Evolutions Mini Tin [Sylveon],https://tcgplayer-cdn.tcgplayer.com/product/593462_200w.jpg,https://www.tcgplayer.com/product/593462/pokemon-sv-prismatic-evolutions-prismatic-evolutions-mini-tin-sylveon,25.0,29.0,31.0,2025-02-12 02:01:35,-5.26%
593463,Prismatic Evolutions Mini Tin Display,https://tcgplayer-cdn.tcgplayer.com/product/593463_200w.jpg,https://www.tcgplayer.com/product/593463/pokemon-sv-prismatic-evolutions-prismatic-evolutions-mini-tin-display,48.0,209.75,210.09,2025-02-12 02:01:35,-1.61%
593466,Prismatic Evolutions Surprise Box,https://tcgplayer-cdn.tcgplayer.com/product/593466_200w.jpg,https://www.tcgplayer.com/product/593466/pokemon-sv-prismatic-evolutions-prismatic-evolutions-surprise-box,95.0,60.0,61.12,2025-02-12 02:01:35,-8.46%
598470,Prismatic Evolutions Surprise Box Case,https://tcgplayer-cdn.tcgplayer.com/product/598470_200w.jpg,https://www.tcgplayer.com/product/598470/pokemon-sv-prismatic-evolutions-prismatic-evolutions-surprise-box-case,21.0,424.97,470.08,2025-02-12 02:01:35,-1.67%
598486,Prismatic Evolutions Poster Collection Case,https://tcgplayer-cdn.tcgplayer.com/product/598486_200w.jpg,https://www.tcgplayer.com/product/598486/pokemon-sv-prismatic-evolutions-prismatic-evolutions-poster-collection-case,15.0,180.01,194.75,2025-02-11 02:13:44,N/A
598487,Prismatic Evolutions Elite Trainer Box Case,https://tcgplayer-cdn.tcgplayer.com/product/598487_200w.jpg,https://www.tcgplayer.com/product/598487/pokemon-sv-prismatic-evolutions-prismatic-evolutions-elite-trainer-box-case,25.0,1295.8,1219.84,2025-02-12 02:01:35,0.65%
598488,Prismatic Evolutions  Binder Collection Case,https://tcgplayer-cdn.tcgplayer.com/product/598488_200w.jpg,https://www.tcgplayer.com/product/598488/pokemon-sv-prismatic-evolutions-prismatic-evolutions-binder-collection-case,16.0,354.48,383.51,2025-02-12 02:01:35,-0.12%
598489,Prismatic Evolutions Tech Sticker Collection Case,https://tcgplayer-cdn.tcgplayer.com/product/598489_200w.jpg,https://www.tcgplayer.com/product/598489/pokemon-sv-prismatic-evolutions-prismatic-evolutions-tech-sticker-collection-case,13.0,432.99,391.89,2025-02-11 02:13:44,N/A
598490,Prismatic Evolutions Tech Sticker Collection [Set of 3],https://tcgplayer-cdn.tcgplayer.com/product/598490_200w.jpg,https://www.tcgplayer.com/product/598490/pokemon-sv-prismatic-evolutions-prismatic-evolutions-tech-sticker-collection-set-of-3,8.0,94.49,103.31,2025-02-12 02:01:35,0.31%
600518,Prismatic Evolutions Booster Bundle,https://tcgplayer-cdn.tcgplayer.com/product/600518_200w.jpg,https://www.tcgplayer.com/product/600518/pokemon-sv-prismatic-evolutions-prismatic-evolutions-booster-bundle,15.0,95.96,98.28,2025-02-12 02:01:35,-2.54%
600697,Prismatic Evolutions Pokemon Center Elite Trainer Box (Exclusive) Case,https://tcgplayer-cdn.tcgplayer.com/product/600697_200w.jpg,https://www.tcgplayer.com/product/600697/pokemon-sv-prismatic-evolutions-prismatic-evolutions-pokemon-center-elite-trainer-box-exclusive-case,20.0,1350.0,1187.59,2025-02-11 02:13:44,N/A
606881,Prismatic Evolutions Accessory Pouch Special Collection,https://tcgplayer-cdn.tcgplayer.com/product/606881_200w.jpg,https://www.tcgplayer.com/product/606881/pokemon-sv-prismatic-evolutions-prismatic-evolutions-accessory-pouch-special-collection,6.0,74.64,65.44,2025-02-12 02:01:35,-0.02%
609716,Prismatic Evolutions 2-Pack Blister [Eevee],https://tcgplayer-cdn.tcgplayer.com/product/609716_200w.jpg,https://www.tcgplayer.com/product/609716/pokemon-sv-prismatic-evolutions-prismatic-evolutions-2-pack-blister-eevee,4.0,34.62,34.63,2025-02-11 02:13:44,N/A
610356,Exeggcute,https://tcgplayer-cdn.tcgplayer.com/product/610356_200w.jpg,https://www.tcgplayer.com/product/610356/pokemon-sv-prismatic-evolutions-exeggcute,670.0,0.01,0.05,2025-02-12 02:01:35,25.0%
610357,Exeggutor,https://tcgplayer-cdn.tcgplayer.com/product/610357_200w.jpg,https://www.tcgplayer.com/product/610357/pokemon-sv-prismatic-evolutions-exeggutor,538.0,0.01,0.06,2025-02-12 02:01:35,20.0%
610358,Pinsir,https://tcgplayer-cdn.tcgplayer.com/product/610358_200w.jpg,https://www.tcgplayer.com/product/610358/pokemon-sv-prismatic-evolutions-pinsir,691.0,0.01,0.03,2025-02-11 02:13:44,N/A
610359,Budew,https://tcgplayer-cdn.tcgplayer.com/product/610359_200w.jpg,https://www.tcgplayer.com/product/610359/pokemon-sv-prismatic-evolutions-budew,732.0,0.72,0.89,2025-02-12 02:01:35,-9.7%
610360,Leafeon,https://tcgplayer-cdn.tcgplayer.com/product/610360_200w.jpg,https://www.tcgplayer.com/product/610360/pokemon-sv-prismatic-evolutions-leafeon,555.0,0.06,0.24,2025-02-12 02:01:35,9.09%
610361,Leafeon ex - 006/131,https://tcgplayer-cdn.tcgplayer.com/product/610361_200w.jpg,https://www.tcgplayer.com/product/610361/pokemon-sv-prismatic-evolutions-leafeon-ex-006-131,154.0,5.21,5.13,2025-02-12 02:01:35,-11.4%
610362,Cottonee,https://tcgplayer-cdn.tcgplayer.com/product/610362_200w.jpg,https://www.tcgplayer.com/product/610362/pokemon-sv-prismatic-evolutions-cottonee,670.0,0.01,0.04,2025-02-11 02:13:44,N/A
610363,Whimsicott,https://tcgplayer-cdn.tcgplayer.com/product/610363_200w.jpg,https://www.tcgplayer.com/product/610363/pokemon-sv-prismatic-evolutions-whimsicott,561.0,0.01,0.06,2025-02-11 02:13:44,N/A
610364,Applin,https://tcgplayer-cdn.tcgplayer.com/product/610364_200w.jpg,https://www.tcgplayer.com/product/610364/pokemon-sv-prismatic-evolutions-applin,644.0,0.01,0.04,2025-02-12 02:01:35,-20.0%
610365,Dipplin,https://tcgplayer-cdn.tcgplayer.com/product/610365_200w.jpg,https://www.tcgplayer.com/product/610365/pokemon-sv-prismatic-evolutions-dipplin,502.0,0.01,0.08,2025-02-12 02:01:35,14.29%
610366,Hydrapple ex,https://tcgplayer-cdn.tcgplayer.com/product/610366_200w.jpg,https://www.tcgplayer.com/product/610366/pokemon-sv-prismatic-evolutions-hydrapple-ex,204.0,0.5,0.82,2025-02-12 02:01:35,-3.53%
610367,Teal Mask Ogerpon ex - 012/131,https://tcgplayer-cdn.tcgplayer.com/product/610367_200w.jpg,https://www.tcgplayer.com/product/610367/pokemon-sv-prismatic-evolutions-teal-mask-ogerpon-ex-012-131,139.0,2.72,3.06,2025-02-12 02:01:35,-1.29%
610368,Flareon,https://tcgplayer-cdn.tcgplayer.com/product/610368_200w.jpg,https://www.tcgplayer.com/product/610368/pokemon-sv-prismatic-evolutions-flareon,579.0,0.03,0.18,2025-02-12 02:01:35,-5.26%
610369,Flareon ex - 014/131,https://tcgplayer-cdn.tcgplayer.com/product/610369_200w.jpg,https://www.tcgplayer.com/product/610369/pokemon-sv-prismatic-evolutions-flareon-ex-014-131,83.0,10.0,11.56,2025-02-12 02:01:35,-4.3%
610370,Litleo,https://tcgplayer-cdn.tcgplayer.com/product/610370_200w.jpg,https://www.tcgplayer.com/product/610370/pokemon-sv-prismatic-evolutions-litleo,669.0,0.01,0.04,2025-02-12 02:01:35,33.33%
610371,Pyroar,https://tcgplayer-cdn.tcgplayer.com/product/610371_200w.jpg,https://www.tcgplayer.com/product/610371/pokemon-sv-prismatic-evolutions-pyroar,558.0,0.01,0.06,2025-02-11 02:13:44,N/A
610372,Hearthflame Mask Ogerpon ex - 017/131,https://tcgplayer-cdn.tcgplayer.com/product/610372_200w.jpg,https://www.tcgplayer.com/product/610372/pokemon-sv-prismatic-evolutions-hearthflame-mask-ogerpon-ex-017-131,231.0,0.3,0.72,2025-02-12 02:01:35,-1.37%
610373,Slowpoke,https://tcgplayer-cdn.tcgplayer.com/product/610373_200w.jpg,https://www.tcgplayer.com/product/610373/pokemon-sv-prismatic-evolutions-slowpoke,626.0,0.01,0.08,2025-02-11 02:13:44,N/A
610374,Slowking,https://tcgplayer-cdn.tcgplayer.com/product/610374_200w.jpg,https://www.tcgplayer.com/product/610374/pokemon-sv-prismatic-evolutions-slowking,522.0,0.01,0.06,2025-02-11 02:13:44,N/A
610375,Goldeen,https://tcgplayer-cdn.tcgplayer.com/product/610375_200w.jpg,https://www.tcgplayer.com/product/610375/pokemon-sv-prismatic-evolutions-goldeen,690.0,0.02,0.05,2025-02-11 02:13:44,N/A
610376,Seaking,https://tcgplayer-cdn.tcgplayer.com/product/610376_200w.jpg,https://www.tcgplayer.com/product/610376/pokemon-sv-prismatic-evolutions-seaking,483.0,0.01,0.1228,2025-02-12 02:01:35,2.33%
610377,Vaporeon,https://tcgplayer-cdn.tcgplayer.com/product/610377_200w.jpg,https://www.tcgplayer.com/product/610377/pokemon-sv-prismatic-evolutions-vaporeon,621.0,0.02,0.21,2025-02-12 02:01:35,10.53%
610378,Vaporeon ex - 023/131,https://tcgplayer-cdn.tcgplayer.com/product/610378_200w.jpg,https://www.tcgplayer.com/product/610378/pokemon-sv-prismatic-evolutions-vaporeon-ex-023-131,215.0,5.03,4.99,2025-02-12 02:01:35,2.67%
610379,Suicune,https://tcgplayer-cdn.tcgplayer.com/product/610379_200w.jpg,https://www.tcgplayer.com/product/610379/pokemon-sv-prismatic-evolutions-suicune,526.0,0.01,0.07,2025-02-11 02:13:44,N/A
610380,Glaceon,https://tcgplayer-cdn.tcgplayer.com/product/610380_200w.jpg,https://www.tcgplayer.com/product/610380/pokemon-sv-prismatic-evolutions-glaceon,605.0,0.04,0.19,2025-02-12 02:01:35,-9.52%
610381,Glaceon ex - 026/131,https://tcgplayer-cdn.tcgplayer.com/product/610381_200w.jpg,https://www.tcgplayer.com/product/610381/pokemon-sv-prismatic-evolutions-glaceon-ex-026-131,193.0,3.5,4.12,2025-02-12 02:01:35,-1.67%
610382,Wellspring Mask Ogerpon ex - 027/131,https://tcgplayer-cdn.tcgplayer.com/product/610382_200w.jpg,https://www.tcgplayer.com/product/610382/pokemon-sv-prismatic-evolutions-wellspring-mask-ogerpon-ex-027-131,218.0,0.5,0.74,2025-02-12 02:01:35,-8.64%
610383,Pikachu ex - 028/131,https://tcgplayer-cdn.tcgplayer.com/product/610383_200w.jpg,https://www.tcgplayer.com/product/610383/pokemon-sv-prismatic-evolutions-pikachu-ex-028-131,188.0,1.4,1.95,2025-02-12 02:01:35,3.72%
610384,Jolteon,https://tcgplayer-cdn.tcgplayer.com/product/610384_200w.jpg,https://www.tcgplayer.com/product/610384/pokemon-sv-prismatic-evolutions-jolteon,580.0,0.05,0.21,2025-02-12 02:01:35,23.53%
610385,Jolteon ex - 030/131,https://tcgplayer-cdn.tcgplayer.com/product/610385_200w.jpg,https://www.tcgplayer.com/product/610385/pokemon-sv-prismatic-evolutions-jolteon-ex-030-131,168.0,6.5,7.33,2025-02-12 02:01:35,1.95%
610386,Iron Hands ex - 031/131,https://tcgplayer-cdn.tcgplayer.com/product/610386_200w.jpg,https://www.tcgplayer.com/product/610386/pokemon-sv-prismatic-evolutions-iron-hands-ex-031-131,91.0,1.81,2.07,2025-02-12 02:01:35,14.36%
610387,Iron Thorns ex,https://tcgplayer-cdn.tcgplayer.com/product/610387_200w.jpg,https://www.tcgplayer.com/product/610387/pokemon-sv-prismatic-evolutions-iron-thorns-ex,197.0,1.25,1.89,2025-02-12 02:01:35,2.72%
610388,Espeon,https://tcgplayer-cdn.tcgplayer.com/product/610388_200w.jpg,https://www.tcgplayer.com/product/610388/pokemon-sv-prismatic-evolutions-espeon,580.0,0.05,0.27,2025-02-12 02:01:35,28.57%
610389,Espeon ex - 034/131,https://tcgplayer-cdn.tcgplayer.com/product/610389_200w.jpg,https://www.tcgplayer.com/product/610389/pokemon-sv-prismatic-evolutions-espeon-ex-034-131,185.0,5.05,5.05,2025-02-12 02:01:35,-5.96%
610390,Duskull,https://tcgplayer-cdn.tcgplayer.com/product/610390_200w.jpg,https://www.tcgplayer.com/product/610390/pokemon-sv-prismatic-evolutions-duskull,662.0,0.01,0.1,2025-02-12 02:01:35,-23.08%
610391,Dusclops,https://tcgplayer-cdn.tcgplayer.com/product/610391_200w.jpg,https://www.tcgplayer.com/product/610391/pokemon-sv-prismatic-evolutions-dusclops,549.0,0.02,0.1,2025-02-12 02:01:35,-9.09%
610392,Dusknoir,https://tcgplayer-cdn.tcgplayer.com/product/610392_200w.jpg,https://www.tcgplayer.com/product/610392/pokemon-sv-prismatic-evolutions-dusknoir,404.0,0.1,0.24,2025-02-12 02:01:35,-7.98%
610393,Spritzee,https://tcgplayer-cdn.tcgplayer.com/product/610393_200w.jpg,https://www.tcgplayer.com/product/610393/pokemon-sv-prismatic-evolutions-spritzee,675.0,0.01,0.07,2025-02-11 02:13:44,N/A
610394,Aromatisse,https://tcgplayer-cdn.tcgplayer.com/product/610394_200w.jpg,https://www.tcgplayer.com/product/610394/pokemon-sv-prismatic-evolutions-aromatisse,563.0,0.01,0.06,2025-02-11 02:13:44,N/A
610395,Sylveon,https://tcgplayer-cdn.tcgplayer.com/product/610395_200w.jpg,https://www.tcgplayer.com/product/610395/pokemon-sv-prismatic-evolutions-sylveon,539.0,0.01,0.24,2025-02-12 02:01:35,4.35%
610396,Sylveon ex - 041/131,https://tcgplayer-cdn.tcgplayer.com/product/610396_200w.jpg,https://www.tcgplayer.com/product/610396/pokemon-sv-prismatic-evolutions-sylveon-ex-041-131,217.0,3.5,3.72,2025-02-12 02:01:35,-6.77%
610397,Scream Tail,https://tcgplayer-cdn.tcgplayer.com/product/610397_200w.jpg,https://www.tcgplayer.com/product/610397/pokemon-sv-prismatic-evolutions-scream-tail,529.0,0.01,0.07,2025-02-12 02:01:35,16.67%
610398,Flutter Mane,https://tcgplayer-cdn.tcgplayer.com/product/610398_200w.jpg,https://www.tcgplayer.com/product/610398/pokemon-sv-prismatic-evolutions-flutter-mane,484.0,0.03,0.11,2025-02-12 02:01:35,10.0%
610399,Munkidori,https://tcgplayer-cdn.tcgplayer.com/product/610399_200w.jpg,https://www.tcgplayer.com/product/610399/pokemon-sv-prismatic-evolutions-munkidori,510.0,0.04,0.12,2025-02-11 02:13:44,N/A
610400,Fezandipiti,https://tcgplayer-cdn.tcgplayer.com/product/610400_200w.jpg,https://www.tcgplayer.com/product/610400/pokemon-sv-prismatic-evolutions-fezandipiti,615.0,0.01,0.08,2025-02-12 02:01:35,-11.11%
610401,Iron Boulder,https://tcgplayer-cdn.tcgplayer.com/product/610401_200w.jpg,https://www.tcgplayer.com/product/610401/pokemon-sv-prismatic-evolutions-iron-boulder,556.0,0.04,0.1,2025-02-11 02:13:44,N/A
610402,Larvitar,https://tcgplayer-cdn.tcgplayer.com/product/610402_200w.jpg,https://www.tcgplayer.com/product/610402/pokemon-sv-prismatic-evolutions-larvitar,649.0,0.01,0.07,2025-02-11 02:13:44,N/A
610403,Pupitar,https://tcgplayer-cdn.tcgplayer.com/product/610403_200w.jpg,https://www.tcgplayer.com/product/610403/pokemon-sv-prismatic-evolutions-pupitar,507.0,0.01,0.05,2025-02-04 20:46:31,N/A
610404,Groudon,https://tcgplayer-cdn.tcgplayer.com/product/610404_200w.jpg,https://www.tcgplayer.com/product/610404/pokemon-sv-prismatic-evolutions-groudon,579.0,0.01,0.1,2025-02-12 02:01:35,11.11%
610405,Riolu,https://tcgplayer-cdn.tcgplayer.com/product/610405_200w.jpg,https://www.tcgplayer.com/product/610405/pokemon-sv-prismatic-evolutions-riolu,622.0,0.01,0.06,2025-02-12 02:01:35,20.0%
610406,Lucario ex,https://tcgplayer-cdn.tcgplayer.com/product/610406_200w.jpg,https://www.tcgplayer.com/product/610406/pokemon-sv-prismatic-evolutions-lucario-ex,223.0,0.4,0.7,2025-02-12 02:01:35,-9.09%
610407,Hippopotas,https://tcgplayer-cdn.tcgplayer.com/product/610407_200w.jpg,https://www.tcgplayer.com/product/610407/pokemon-sv-prismatic-evolutions-hippopotas,662.0,0.01,0.05,2025-02-12 02:01:35,25.0%
610408,Hippowdon,https://tcgplayer-cdn.tcgplayer.com/product/610408_200w.jpg,https://www.tcgplayer.com/product/610408/pokemon-sv-prismatic-evolutions-hippowdon,537.0,0.01,0.05,2025-02-11 02:13:44,N/A
610409,Bloodmoon Ursaluna,https://tcgplayer-cdn.tcgplayer.com/product/610409_200w.jpg,https://www.tcgplayer.com/product/610409/pokemon-sv-prismatic-evolutions-bloodmoon-ursaluna,587.0,0.01,0.11,2025-02-12 02:01:35,10.0%
610410,Great Tusk,https://tcgplayer-cdn.tcgplayer.com/product/610410_200w.jpg,https://www.tcgplayer.com/product/610410/pokemon-sv-prismatic-evolutions-great-tusk,558.0,0.01,0.06,2025-02-04 20:46:31,N/A
610411,Sandy Shocks ex - 056/131,https://tcgplayer-cdn.tcgplayer.com/product/610411_200w.jpg,https://www.tcgplayer.com/product/610411/pokemon-sv-prismatic-evolutions-sandy-shocks-ex-056-131,241.0,0.19,0.58,2025-02-11 02:13:44,N/A
610412,Okidogi,https://tcgplayer-cdn.tcgplayer.com/product/610412_200w.jpg,https://www.tcgplayer.com/product/610412/pokemon-sv-prismatic-evolutions-okidogi,577.0,0.01,0.11,2025-02-11 02:13:44,N/A
610413,Cornerstone Mask Ogerpon ex - 058/131,https://tcgplayer-cdn.tcgplayer.com/product/610413_200w.jpg,https://www.tcgplayer.com/product/610413/pokemon-sv-prismatic-evolutions-cornerstone-mask-ogerpon-ex-058-131,167.0,0.45,0.75,2025-02-11 02:13:44,N/A
610414,Umbreon,https://tcgplayer-cdn.tcgplayer.com/product/610414_200w.jpg,https://www.tcgplayer.com/product/610414/pokemon-sv-prismatic-evolutions-umbreon,537.0,0.05,0.29,2025-02-12 02:01:35,-44.23%
610415,Umbreon ex - 060/131,https://tcgplayer-cdn.tcgplayer.com/product/610415_200w.jpg,https://www.tcgplayer.com/product/610415/pokemon-sv-prismatic-evolutions-umbreon-ex-060-131,213.0,11.13,11.25,2025-02-12 02:01:35,-2.43%
610416,Sneasel,https://tcgplayer-cdn.tcgplayer.com/product/610416_200w.jpg,https://www.tcgplayer.com/product/610416/pokemon-sv-prismatic-evolutions-sneasel,520.0,0.01,0.04,2025-02-11 02:13:44,N/A
610417,Houndour,https://tcgplayer-cdn.tcgplayer.com/product/610417_200w.jpg,https://www.tcgplayer.com/product/610417/pokemon-sv-prismatic-evolutions-houndour,646.0,0.02,0.04,2025-02-11 02:13:44,N/A
610418,Houndoom,https://tcgplayer-cdn.tcgplayer.com/product/610418_200w.jpg,https://www.tcgplayer.com/product/610418/pokemon-sv-prismatic-evolutions-houndoom,468.0,0.02,0.06,2025-02-11 02:13:44,N/A
610419,Tyranitar ex,https://tcgplayer-cdn.tcgplayer.com/product/610419_200w.jpg,https://www.tcgplayer.com/product/610419/pokemon-sv-prismatic-evolutions-tyranitar-ex,215.0,0.84,0.99,2025-02-12 02:01:35,-16.81%
610420,Roaring Moon,https://tcgplayer-cdn.tcgplayer.com/product/610420_200w.jpg,https://www.tcgplayer.com/product/610420/pokemon-sv-prismatic-evolutions-roaring-moon,538.0,0.03,0.12,2025-02-11 02:13:44,N/A
610421,Bronzor,https://tcgplayer-cdn.tcgplayer.com/product/610421_200w.jpg,https://www.tcgplayer.com/product/610421/pokemon-sv-prismatic-evolutions-bronzor,680.0,0.01,0.05,2025-02-11 02:13:44,N/A
610422,Bronzong,https://tcgplayer-cdn.tcgplayer.com/product/610422_200w.jpg,https://www.tcgplayer.com/product/610422/pokemon-sv-prismatic-evolutions-bronzong,541.0,0.01,0.03,2025-02-11 02:13:44,N/A
610423,Heatran,https://tcgplayer-cdn.tcgplayer.com/product/610423_200w.jpg,https://www.tcgplayer.com/product/610423/pokemon-sv-prismatic-evolutions-heatran,559.0,0.01,0.05,2025-02-12 02:01:35,25.0%
610424,Duraludon,https://tcgplayer-cdn.tcgplayer.com/product/610424_200w.jpg,https://www.tcgplayer.com/product/610424/pokemon-sv-prismatic-evolutions-duraludon,540.0,0.01,0.06,2025-02-12 02:01:35,20.0%
610425,Archaludon,https://tcgplayer-cdn.tcgplayer.com/product/610425_200w.jpg,https://www.tcgplayer.com/product/610425/pokemon-sv-prismatic-evolutions-archaludon,604.0,0.01,0.07,2025-02-11 02:13:44,N/A
610426,Dreepy,https://tcgplayer-cdn.tcgplayer.com/product/610426_200w.jpg,https://www.tcgplayer.com/product/610426/pokemon-sv-prismatic-evolutions-dreepy,626.0,0.02,0.11,2025-02-04 20:46:31,N/A
610427,Drakloak,https://tcgplayer-cdn.tcgplayer.com/product/610427_200w.jpg,https://www.tcgplayer.com/product/610427/pokemon-sv-prismatic-evolutions-drakloak,502.0,0.03,0.15,2025-02-12 02:01:35,7.14%
610428,Dragapult ex - 073/131,https://tcgplayer-cdn.tcgplayer.com/product/610428_200w.jpg,https://www.tcgplayer.com/product/610428/pokemon-sv-prismatic-evolutions-dragapult-ex-073-131,89.0,3.1,3.38,2025-02-12 02:01:35,-0.88%
610429,Eevee,https://tcgplayer-cdn.tcgplayer.com/product/610429_200w.jpg,https://www.tcgplayer.com/product/610429/pokemon-sv-prismatic-evolutions-eevee,734.0,0.01,0.13,2025-02-11 02:13:44,N/A
610430,Eevee ex - 075/131,https://tcgplayer-cdn.tcgplayer.com/product/610430_200w.jpg,https://www.tcgplayer.com/product/610430/pokemon-sv-prismatic-evolutions-eevee-ex-075-131,110.0,12.01,12.01,2025-02-12 02:01:35,0.84%
610431,Snorlax ex,https://tcgplayer-cdn.tcgplayer.com/product/610431_200w.jpg,https://www.tcgplayer.com/product/610431/pokemon-sv-prismatic-evolutions-snorlax-ex,185.0,1.5,2.03,2025-02-12 02:01:35,-5.14%
610432,Hoothoot,https://tcgplayer-cdn.tcgplayer.com/product/610432_200w.jpg,https://www.tcgplayer.com/product/610432/pokemon-sv-prismatic-evolutions-hoothoot,664.0,0.01,0.04,2025-02-11 02:13:44,N/A
610433,Noctowl,https://tcgplayer-cdn.tcgplayer.com/product/610433_200w.jpg,https://www.tcgplayer.com/product/610433/pokemon-sv-prismatic-evolutions-noctowl,468.0,0.02,0.12,2025-02-12 02:01:35,-14.29%
610434,Dunsparce,https://tcgplayer-cdn.tcgplayer.com/product/610434_200w.jpg,https://www.tcgplayer.com/product/610434/pokemon-sv-prismatic-evolutions-dunsparce,677.0,0.01,0.07,2025-02-12 02:01:35,-22.22%
610435,Dudunsparce,https://tcgplayer-cdn.tcgplayer.com/product/610435_200w.jpg,https://www.tcgplayer.com/product/610435/pokemon-sv-prismatic-evolutions-dudunsparce,479.0,0.01,0.12,2025-02-12 02:01:35,-14.29%
610436,Miltank,https://tcgplayer-cdn.tcgplayer.com/product/610436_200w.jpg,https://www.tcgplayer.com/product/610436/pokemon-sv-prismatic-evolutions-miltank,494.0,0.01,0.08,2025-02-12 02:01:35,33.33%
610437,Lugia ex,https://tcgplayer-cdn.tcgplayer.com/product/610437_200w.jpg,https://www.tcgplayer.com/product/610437/pokemon-sv-prismatic-evolutions-lugia-ex,153.0,1.15,1.31,2025-02-12 02:01:35,-8.39%
610438,Buneary,https://tcgplayer-cdn.tcgplayer.com/product/610438_200w.jpg,https://www.tcgplayer.com/product/610438/pokemon-sv-prismatic-evolutions-buneary,664.0,0.01,0.05,2025-02-11 02:13:44,N/A
610439,Lopunny,https://tcgplayer-cdn.tcgplayer.com/product/610439_200w.jpg,https://www.tcgplayer.com/product/610439/pokemon-sv-prismatic-evolutions-lopunny,471.0,0.02,0.05,2025-02-04 20:46:31,N/A
610440,Fan Rotom,https://tcgplayer-cdn.tcgplayer.com/product/610440_200w.jpg,https://www.tcgplayer.com/product/610440/pokemon-sv-prismatic-evolutions-fan-rotom,456.0,0.03,0.09,2025-02-04 20:46:31,N/A
610441,Regigigas,https://tcgplayer-cdn.tcgplayer.com/product/610441_200w.jpg,https://www.tcgplayer.com/product/610441/pokemon-sv-prismatic-evolutions-regigigas,508.0,0.05,0.22,2025-02-12 02:01:35,10.0%
610442,Shaymin,https://tcgplayer-cdn.tcgplayer.com/product/610442_200w.jpg,https://www.tcgplayer.com/product/610442/pokemon-sv-prismatic-evolutions-shaymin,544.0,0.02,0.06,2025-02-11 02:13:44,N/A
610443,Furfrou,https://tcgplayer-cdn.tcgplayer.com/product/610443_200w.jpg,https://www.tcgplayer.com/product/610443/pokemon-sv-prismatic-evolutions-furfrou,490.0,0.01,0.05,2025-02-04 20:46:31,N/A
610444,Hawlucha,https://tcgplayer-cdn.tcgplayer.com/product/610444_200w.jpg,https://www.tcgplayer.com/product/610444/pokemon-sv-prismatic-evolutions-hawlucha,537.0,0.01,0.03,2025-02-11 02:13:44,N/A
610445,Noibat,https://tcgplayer-cdn.tcgplayer.com/product/610445_200w.jpg,https://www.tcgplayer.com/product/610445/pokemon-sv-prismatic-evolutions-noibat,655.0,0.01,0.05,2025-02-11 02:13:44,N/A
610446,Noivern ex,https://tcgplayer-cdn.tcgplayer.com/product/610446_200w.jpg,https://www.tcgplayer.com/product/610446/pokemon-sv-prismatic-evolutions-noivern-ex,218.0,0.2,0.58,2025-02-12 02:01:35,-9.38%
610447,Terapagos ex - 092/131,https://tcgplayer-cdn.tcgplayer.com/product/610447_200w.jpg,https://www.tcgplayer.com/product/610447/pokemon-sv-prismatic-evolutions-terapagos-ex-092-131,132.0,1.75,2.26,2025-02-12 02:01:35,10.24%
610448,Amarys - 093/131,https://tcgplayer-cdn.tcgplayer.com/product/610448_200w.jpg,https://www.tcgplayer.com/product/610448/pokemon-sv-prismatic-evolutions-amarys-093-131,604.0,0.01,0.05,2025-02-11 02:13:44,N/A
610449,Area Zero Underdepths,https://tcgplayer-cdn.tcgplayer.com/product/610449_200w.jpg,https://www.tcgplayer.com/product/610449/pokemon-sv-prismatic-evolutions-area-zero-underdepths,572.0,0.01,0.11,2025-02-12 02:01:35,-8.33%
610450,Binding Mochi,https://tcgplayer-cdn.tcgplayer.com/product/610450_200w.jpg,https://www.tcgplayer.com/product/610450/pokemon-sv-prismatic-evolutions-binding-mochi,613.0,0.01,0.08,2025-02-12 02:01:35,-11.11%
610451,Black Belt's Training - 096/131,https://tcgplayer-cdn.tcgplayer.com/product/610451_200w.jpg,https://www.tcgplayer.com/product/610451/pokemon-sv-prismatic-evolutions-black-belts-training-096-131,556.0,0.03,0.11,2025-02-11 02:13:44,N/A
610452,Black Belt's Training - 097/131,https://tcgplayer-cdn.tcgplayer.com/product/610452_200w.jpg,https://www.tcgplayer.com/product/610452/pokemon-sv-prismatic-evolutions-black-belts-training-097-131,576.0,0.02,0.08,2025-02-12 02:01:35,14.29%
610453,Black Belt's Training - 098/131,https://tcgplayer-cdn.tcgplayer.com/product/610453_200w.jpg,https://www.tcgplayer.com/product/610453/pokemon-sv-prismatic-evolutions-black-belts-training-098-131,561.0,0.01,0.08,2025-02-12 02:01:35,-11.11%
610454,Black Belt's Training - 099/131,https://tcgplayer-cdn.tcgplayer.com/product/610454_200w.jpg,https://www.tcgplayer.com/product/610454/pokemon-sv-prismatic-evolutions-black-belts-training-099-131,581.0,0.01,0.05,2025-02-12 02:01:35,-16.67%
610455,Briar,https://tcgplayer-cdn.tcgplayer.com/product/610455_200w.jpg,https://www.tcgplayer.com/product/610455/pokemon-sv-prismatic-evolutions-briar,617.0,0.01,0.1,2025-02-11 02:13:44,N/A
610456,Buddy-Buddy Poffin,https://tcgplayer-cdn.tcgplayer.com/product/610456_200w.jpg,https://www.tcgplayer.com/product/610456/pokemon-sv-prismatic-evolutions-buddy-buddy-poffin,583.0,0.1,0.3,2025-02-12 02:01:35,25.0%
610457,Bug Catching Set,https://tcgplayer-cdn.tcgplayer.com/product/610457_200w.jpg,https://www.tcgplayer.com/product/610457/pokemon-sv-prismatic-evolutions-bug-catching-set,684.0,0.01,0.09,2025-02-12 02:01:35,12.5%
610458,Carmine,https://tcgplayer-cdn.tcgplayer.com/product/610458_200w.jpg,https://www.tcgplayer.com/product/610458/pokemon-sv-prismatic-evolutions-carmine,672.0,0.01,0.08,2025-02-12 02:01:35,14.29%
610459,Ciphermaniac's Codebreaking,https://tcgplayer-cdn.tcgplayer.com/product/610459_200w.jpg,https://www.tcgplayer.com/product/610459/pokemon-sv-prismatic-evolutions-ciphermaniacs-codebreaking,554.0,0.01,0.08,2025-02-12 02:01:35,-20.0%
610460,Crispin - 105/131,https://tcgplayer-cdn.tcgplayer.com/product/610460_200w.jpg,https://www.tcgplayer.com/product/610460/pokemon-sv-prismatic-evolutions-crispin-105-131,468.0,0.04,0.1,2025-02-12 02:01:35,-23.08%
610461,Earthen Vessel,https://tcgplayer-cdn.tcgplayer.com/product/610461_200w.jpg,https://www.tcgplayer.com/product/610461/pokemon-sv-prismatic-evolutions-earthen-vessel,683.0,0.12,0.37,2025-02-12 02:01:35,-15.68%
610462,Explorer's Guidance,https://tcgplayer-cdn.tcgplayer.com/product/610462_200w.jpg,https://www.tcgplayer.com/product/610462/pokemon-sv-prismatic-evolutions-explorers-guidance,613.0,0.01,0.06,2025-02-04 20:46:31,N/A
610463,Festival Grounds,https://tcgplayer-cdn.tcgplayer.com/product/610463_200w.jpg,https://www.tcgplayer.com/product/610463/pokemon-sv-prismatic-evolutions-festival-grounds,558.0,0.01,0.09,2025-02-11 02:13:44,N/A
610464,Friends in Paldea - 109/131,https://tcgplayer-cdn.tcgplayer.com/product/610464_200w.jpg,https://www.tcgplayer.com/product/610464/pokemon-sv-prismatic-evolutions-friends-in-paldea-109-131,595.0,0.01,0.08,2025-02-12 02:01:35,-11.11%
610465,Glass Trumpet,https://tcgplayer-cdn.tcgplayer.com/product/610465_200w.jpg,https://www.tcgplayer.com/product/610465/pokemon-sv-prismatic-evolutions-glass-trumpet,621.0,0.01,0.1,2025-02-11 02:13:44,N/A
610466,Haban Berry,https://tcgplayer-cdn.tcgplayer.com/product/610466_200w.jpg,https://www.tcgplayer.com/product/610466/pokemon-sv-prismatic-evolutions-haban-berry,582.0,0.01,0.03,2025-02-11 02:13:44,N/A
610467,Janine's Secret Art - 112/131,https://tcgplayer-cdn.tcgplayer.com/product/610467_200w.jpg,https://www.tcgplayer.com/product/610467/pokemon-sv-prismatic-evolutions-janines-secret-art-112-131,613.0,0.01,0.05,2025-02-12 02:01:35,-16.67%
610468,Kieran - 113/131,https://tcgplayer-cdn.tcgplayer.com/product/610468_200w.jpg,https://www.tcgplayer.com/product/610468/pokemon-sv-prismatic-evolutions-kieran-113-131,599.0,0.01,0.07,2025-02-11 02:13:44,N/A
610469,Lacey - 114/131,https://tcgplayer-cdn.tcgplayer.com/product/610469_200w.jpg,https://www.tcgplayer.com/product/610469/pokemon-sv-prismatic-evolutions-lacey-114-131,617.0,0.01,0.06,2025-02-12 02:01:35,-14.29%
610470,Larry's Skill - 115/131,https://tcgplayer-cdn.tcgplayer.com/product/610470_200w.jpg,https://www.tcgplayer.com/product/610470/pokemon-sv-prismatic-evolutions-larrys-skill-115-131,555.0,0.03,0.1,2025-02-11 02:13:44,N/A
610471,Max Rod,https://tcgplayer-cdn.tcgplayer.com/product/610471_200w.jpg,https://www.tcgplayer.com/product/610471/pokemon-sv-prismatic-evolutions-max-rod,144.0,1.8,2.2,2025-02-12 02:01:35,7.84%
610472,Maximum Belt,https://tcgplayer-cdn.tcgplayer.com/product/610472_200w.jpg,https://www.tcgplayer.com/product/610472/pokemon-sv-prismatic-evolutions-maximum-belt,248.0,0.47,0.62,2025-02-12 02:01:35,1.64%
610473,Ogre's Mask,https://tcgplayer-cdn.tcgplayer.com/product/610473_200w.jpg,https://www.tcgplayer.com/product/610473/pokemon-sv-prismatic-evolutions-ogres-mask,596.0,0.01,0.06,2025-02-12 02:01:35,20.0%
610474,Prime Catcher,https://tcgplayer-cdn.tcgplayer.com/product/610474_200w.jpg,https://www.tcgplayer.com/product/610474/pokemon-sv-prismatic-evolutions-prime-catcher,190.0,2.69,3.05,2025-02-12 02:01:35,11.72%
610475,Professor Sada's Vitality,https://tcgplayer-cdn.tcgplayer.com/product/610475_200w.jpg,https://www.tcgplayer.com/product/610475/pokemon-sv-prismatic-evolutions-professor-sadas-vitality,696.0,0.01,0.1,2025-02-12 02:01:35,25.0%
610476,Professor Turo's Scenario,https://tcgplayer-cdn.tcgplayer.com/product/610476_200w.jpg,https://www.tcgplayer.com/product/610476/pokemon-sv-prismatic-evolutions-professor-turos-scenario,619.0,0.01,0.08,2025-02-12 02:01:35,-5.66%
610477,Professor's Research [Professor Oak],https://tcgplayer-cdn.tcgplayer.com/product/610477_200w.jpg,https://www.tcgplayer.com/product/610477/pokemon-sv-prismatic-evolutions-professors-research-professor-oak,521.0,0.01,0.12,2025-02-12 02:01:35,9.09%
610478,Professor's Research [Professor Elm],https://tcgplayer-cdn.tcgplayer.com/product/610478_200w.jpg,https://www.tcgplayer.com/product/610478/pokemon-sv-prismatic-evolutions-professors-research-professor-elm,647.0,0.01,0.11,2025-02-12 02:01:35,10.0%
610479,Professor's Research [Professor Rowan],https://tcgplayer-cdn.tcgplayer.com/product/610479_200w.jpg,https://www.tcgplayer.com/product/610479/pokemon-sv-prismatic-evolutions-professors-research-professor-rowan,638.0,0.02,0.09,2025-02-11 02:13:44,N/A
610480,Professor's Research [Professor Sycamore],https://tcgplayer-cdn.tcgplayer.com/product/610480_200w.jpg,https://www.tcgplayer.com/product/610480/pokemon-sv-prismatic-evolutions-professors-research-professor-sycamore,605.0,0.01,0.09,2025-02-12 02:01:35,-10.0%
610481,Rescue Board,https://tcgplayer-cdn.tcgplayer.com/product/610481_200w.jpg,https://www.tcgplayer.com/product/610481/pokemon-sv-prismatic-evolutions-rescue-board,632.0,0.02,0.09,2025-02-12 02:01:35,28.57%
610482,Roto-Stick,https://tcgplayer-cdn.tcgplayer.com/product/610482_200w.jpg,https://www.tcgplayer.com/product/610482/pokemon-sv-prismatic-evolutions-roto-stick,539.0,0.01,0.11,2025-02-12 02:01:35,-8.33%
610483,Scoop Up Cyclone,https://tcgplayer-cdn.tcgplayer.com/product/610483_200w.jpg,https://www.tcgplayer.com/product/610483/pokemon-sv-prismatic-evolutions-scoop-up-cyclone,336.0,0.2,0.46,2025-02-12 02:01:35,-6.12%
610484,Sparkling Crystal,https://tcgplayer-cdn.tcgplayer.com/product/610484_200w.jpg,https://www.tcgplayer.com/product/610484/pokemon-sv-prismatic-evolutions-sparkling-crystal,219.0,0.6,0.82,2025-02-11 02:13:44,N/A
610485,Techno Radar,https://tcgplayer-cdn.tcgplayer.com/product/610485_200w.jpg,https://www.tcgplayer.com/product/610485/pokemon-sv-prismatic-evolutions-techno-radar,686.0,0.01,0.07,2025-02-12 02:01:35,16.67%
610486,Treasure Tracker,https://tcgplayer-cdn.tcgplayer.com/product/610486_200w.jpg,https://www.tcgplayer.com/product/610486/pokemon-sv-prismatic-evolutions-treasure-tracker,280.0,0.6,0.94,2025-02-12 02:01:35,5.62%
610487,Amarys - 132/131,https://tcgplayer-cdn.tcgplayer.com/product/610487_200w.jpg,https://www.tcgplayer.com/product/610487/pokemon-sv-prismatic-evolutions-amarys-132-131,203.0,0.9,1.2984,2025-02-12 02:01:35,10.03%
610488,Atticus - 133/131,https://tcgplayer-cdn.tcgplayer.com/product/610488_200w.jpg,https://www.tcgplayer.com/product/610488/pokemon-sv-prismatic-evolutions-atticus-133-131,216.0,1.35,1.81,2025-02-12 02:01:35,5.23%
610489,Atticus - 134/131,https://tcgplayer-cdn.tcgplayer.com/product/610489_200w.jpg,https://www.tcgplayer.com/product/610489/pokemon-sv-prismatic-evolutions-atticus-134-131,214.0,0.25,1.08,2025-02-12 02:01:35,-10.74%
610490,Brassius,https://tcgplayer-cdn.tcgplayer.com/product/610490_200w.jpg,https://www.tcgplayer.com/product/610490/pokemon-sv-prismatic-evolutions-brassius,229.0,0.94,1.38,2025-02-12 02:01:35,6.15%
610491,Eri,https://tcgplayer-cdn.tcgplayer.com/product/610491_200w.jpg,https://www.tcgplayer.com/product/610491/pokemon-sv-prismatic-evolutions-eri,136.0,4.73,6.0,2025-02-11 02:13:44,N/A
610492,Friends in Paldea - 137/131,https://tcgplayer-cdn.tcgplayer.com/product/610492_200w.jpg,https://www.tcgplayer.com/product/610492/pokemon-sv-prismatic-evolutions-friends-in-paldea-137-131,187.0,3.22,3.4852,2025-02-12 02:01:35,-5.29%
610493,Giacomo,https://tcgplayer-cdn.tcgplayer.com/product/610493_200w.jpg,https://www.tcgplayer.com/product/610493/pokemon-sv-prismatic-evolutions-giacomo,221.0,0.84,1.114,2025-02-12 02:01:35,-2.28%
610494,Larry's Skill - 139/131,https://tcgplayer-cdn.tcgplayer.com/product/610494_200w.jpg,https://www.tcgplayer.com/product/610494/pokemon-sv-prismatic-evolutions-larrys-skill-139-131,190.0,1.0,1.74,2025-02-12 02:01:35,1.75%
610495,Mela,https://tcgplayer-cdn.tcgplayer.com/product/610495_200w.jpg,https://www.tcgplayer.com/product/610495/pokemon-sv-prismatic-evolutions-mela,152.0,2.47,2.75,2025-02-12 02:01:35,4.17%
610496,Ortega,https://tcgplayer-cdn.tcgplayer.com/product/610496_200w.jpg,https://www.tcgplayer.com/product/610496/pokemon-sv-prismatic-evolutions-ortega,209.0,0.89,1.27,2025-02-12 02:01:35,-7.3%
610497,Raifort,https://tcgplayer-cdn.tcgplayer.com/product/610497_200w.jpg,https://www.tcgplayer.com/product/610497/pokemon-sv-prismatic-evolutions-raifort,237.0,2.0,2.68,2025-02-12 02:01:35,-0.37%
610498,Tyme,https://tcgplayer-cdn.tcgplayer.com/product/610498_200w.jpg,https://www.tcgplayer.com/product/610498/pokemon-sv-prismatic-evolutions-tyme,208.0,0.47,0.74,2025-02-12 02:01:35,-7.5%
610499,Leafeon ex - 144/131,https://tcgplayer-cdn.tcgplayer.com/product/610499_200w.jpg,https://www.tcgplayer.com/product/610499/pokemon-sv-prismatic-evolutions-leafeon-ex-144-131,16.0,299.0,369.58,2025-02-12 02:01:35,-0.16%
610500,Teal Mask Ogerpon ex - 145/131,https://tcgplayer-cdn.tcgplayer.com/product/610500_200w.jpg,https://www.tcgplayer.com/product/610500/pokemon-sv-prismatic-evolutions-teal-mask-ogerpon-ex-145-131,36.0,32.08,35.64,2025-02-12 02:01:35,-0.08%
610501,Flareon ex - 146/131,https://tcgplayer-cdn.tcgplayer.com/product/610501_200w.jpg,https://www.tcgplayer.com/product/610501/pokemon-sv-prismatic-evolutions-flareon-ex-146-131,14.0,299.99,322.24,2025-02-12 02:01:35,0.15%
610502,Ceruledge ex,https://tcgplayer-cdn.tcgplayer.com/product/610502_200w.jpg,https://www.tcgplayer.com/product/610502/pokemon-sv-prismatic-evolutions-ceruledge-ex,6.0,235.26,220.89,2025-02-12 02:01:35,3.54%
610503,Hearthflame Mask Ogerpon ex - 148/131,https://tcgplayer-cdn.tcgplayer.com/product/610503_200w.jpg,https://www.tcgplayer.com/product/610503/pokemon-sv-prismatic-evolutions-hearthflame-mask-ogerpon-ex-148-131,33.0,26.01,28.27,2025-02-11 02:13:44,N/A
610504,Vaporeon ex - 149/131,https://tcgplayer-cdn.tcgplayer.com/product/610504_200w.jpg,https://www.tcgplayer.com/product/610504/pokemon-sv-prismatic-evolutions-vaporeon-ex-149-131,15.0,270.0,297.94,2025-02-12 02:01:35,-2.24%
610505,Glaceon ex - 150/131,https://tcgplayer-cdn.tcgplayer.com/product/610505_200w.jpg,https://www.tcgplayer.com/product/610505/pokemon-sv-prismatic-evolutions-glaceon-ex-150-131,23.0,280.0,313.9,2025-02-12 02:01:35,0.14%
610506,Palafin ex,https://tcgplayer-cdn.tcgplayer.com/product/610506_200w.jpg,https://www.tcgplayer.com/product/610506/pokemon-sv-prismatic-evolutions-palafin-ex,21.0,83.96,90.05,2025-02-11 02:13:44,N/A
610507,Wellspring Mask Ogerpon ex - 152/131,https://tcgplayer-cdn.tcgplayer.com/product/610507_200w.jpg,https://www.tcgplayer.com/product/610507/pokemon-sv-prismatic-evolutions-wellspring-mask-ogerpon-ex-152-131,46.0,18.61,22.85,2025-02-12 02:01:35,-3.75%
610508,Jolteon ex - 153/131,https://tcgplayer-cdn.tcgplayer.com/product/610508_200w.jpg,https://www.tcgplayer.com/product/610508/pokemon-sv-prismatic-evolutions-jolteon-ex-153-131,19.0,229.99,267.98,2025-02-12 02:01:35,-1.69%
610509,Iron Hands ex - 154/131,https://tcgplayer-cdn.tcgplayer.com/product/610509_200w.jpg,https://www.tcgplayer.com/product/610509/pokemon-sv-prismatic-evolutions-iron-hands-ex-154-131,13.0,53.0,55.13,2025-02-12 02:01:35,-1.36%
610510,Espeon ex - 155/131,https://tcgplayer-cdn.tcgplayer.com/product/610510_200w.jpg,https://www.tcgplayer.com/product/610510/pokemon-sv-prismatic-evolutions-espeon-ex-155-131,18.0,345.0,399.95,2025-02-12 02:01:35,0.19%
610511,Sylveon ex - 156/131,https://tcgplayer-cdn.tcgplayer.com/product/610511_200w.jpg,https://www.tcgplayer.com/product/610511/pokemon-sv-prismatic-evolutions-sylveon-ex-156-131,25.0,450.0,517.16,2025-02-12 02:01:35,0.03%
610512,Iron Valiant ex,https://tcgplayer-cdn.tcgplayer.com/product/610512_200w.jpg,https://www.tcgplayer.com/product/610512/pokemon-sv-prismatic-evolutions-iron-valiant-ex,16.0,59.99,61.81,2025-02-11 02:13:44,N/A
610513,Iron Crown ex,https://tcgplayer-cdn.tcgplayer.com/product/610513_200w.jpg,https://www.tcgplayer.com/product/610513/pokemon-sv-prismatic-evolutions-iron-crown-ex,38.0,44.95,50.77,2025-02-12 02:01:35,1.7%
610514,Sandy Shocks ex - 159/131,https://tcgplayer-cdn.tcgplayer.com/product/610514_200w.jpg,https://www.tcgplayer.com/product/610514/pokemon-sv-prismatic-evolutions-sandy-shocks-ex-159-131,12.0,39.87,41.53,2025-02-11 02:13:44,N/A
610515,Cornerstone Mask Ogerpon ex - 160/131,https://tcgplayer-cdn.tcgplayer.com/product/610515_200w.jpg,https://www.tcgplayer.com/product/610515/pokemon-sv-prismatic-evolutions-cornerstone-mask-ogerpon-ex-160-131,49.0,23.98,27.38,2025-02-12 02:01:35,-0.69%
610516,Umbreon ex - 161/131,https://tcgplayer-cdn.tcgplayer.com/product/610516_200w.jpg,https://www.tcgplayer.com/product/610516/pokemon-sv-prismatic-evolutions-umbreon-ex-161-131,12.0,1500.0,1568.4,2025-02-12 02:01:35,-0.42%
610517,Roaring Moon ex,https://tcgplayer-cdn.tcgplayer.com/product/610517_200w.jpg,https://www.tcgplayer.com/product/610517/pokemon-sv-prismatic-evolutions-roaring-moon-ex,16.0,145.0,175.98,2025-02-12 02:01:35,2.47%
610518,Pecharunt ex,https://tcgplayer-cdn.tcgplayer.com/product/610518_200w.jpg,https://www.tcgplayer.com/product/610518/pokemon-sv-prismatic-evolutions-pecharunt-ex,5.0,70.0,41.09,2025-02-12 02:01:35,3.87%
610519,Gholdengo ex,https://tcgplayer-cdn.tcgplayer.com/product/610519_200w.jpg,https://www.tcgplayer.com/product/610519/pokemon-sv-prismatic-evolutions-gholdengo-ex,14.0,62.0,69.71,2025-02-12 02:01:35,0.4%
610520,Dragapult ex - 165/131,https://tcgplayer-cdn.tcgplayer.com/product/610520_200w.jpg,https://www.tcgplayer.com/product/610520/pokemon-sv-prismatic-evolutions-dragapult-ex-165-131,12.0,180.0,165.1,2025-02-12 02:01:35,2.44%
610521,Raging Bolt ex,https://tcgplayer-cdn.tcgplayer.com/product/610521_200w.jpg,https://www.tcgplayer.com/product/610521/pokemon-sv-prismatic-evolutions-raging-bolt-ex,11.0,120.0,116.47,2025-02-12 02:01:35,-0.27%
610522,Eevee ex - 167/131,https://tcgplayer-cdn.tcgplayer.com/product/610522_200w.jpg,https://www.tcgplayer.com/product/610522/pokemon-sv-prismatic-evolutions-eevee-ex-167-131,20.0,215.0,244.48,2025-02-12 02:01:35,0.05%
610523,Bloodmoon Ursaluna ex,https://tcgplayer-cdn.tcgplayer.com/product/610523_200w.jpg,https://www.tcgplayer.com/product/610523/pokemon-sv-prismatic-evolutions-bloodmoon-ursaluna-ex,15.0,75.22,75.7,2025-02-12 02:01:35,0.64%
610524,Terapagos ex - 169/131,https://tcgplayer-cdn.tcgplayer.com/product/610524_200w.jpg,https://www.tcgplayer.com/product/610524/pokemon-sv-prismatic-evolutions-terapagos-ex-169-131,12.0,50.0,67.67,2025-02-12 02:01:35,-2.07%
610525,Amarys - 170/131,https://tcgplayer-cdn.tcgplayer.com/product/610525_200w.jpg,https://www.tcgplayer.com/product/610525/pokemon-sv-prismatic-evolutions-amarys-170-131,10.0,26.14,30.24,2025-02-12 02:01:35,4.78%
610526,Crispin - 171/131,https://tcgplayer-cdn.tcgplayer.com/product/610526_200w.jpg,https://www.tcgplayer.com/product/610526/pokemon-sv-prismatic-evolutions-crispin-171-131,13.0,40.0,41.43,2025-02-12 02:01:35,1.1%
610527,Drayton,https://tcgplayer-cdn.tcgplayer.com/product/610527_200w.jpg,https://www.tcgplayer.com/product/610527/pokemon-sv-prismatic-evolutions-drayton,9.0,25.0,32.7,2025-02-12 02:01:35,2.64%
610528,Janine's Secret Art - 173/131,https://tcgplayer-cdn.tcgplayer.com/product/610528_200w.jpg,https://www.tcgplayer.com/product/610528/pokemon-sv-prismatic-evolutions-janines-secret-art-173-131,19.0,35.0,41.9,2025-02-11 02:13:44,N/A
610529,Kieran - 174/131,https://tcgplayer-cdn.tcgplayer.com/product/610529_200w.jpg,https://www.tcgplayer.com/product/610529/pokemon-sv-prismatic-evolutions-kieran-174-131,32.0,30.0,41.49,2025-02-12 02:01:35,-0.77%
610530,Lacey - 175/131,https://tcgplayer-cdn.tcgplayer.com/product/610530_200w.jpg,https://www.tcgplayer.com/product/610530/pokemon-sv-prismatic-evolutions-lacey-175-131,40.0,50.0,60.58,2025-02-11 02:13:44,N/A
610531,Iron Leaves ex,https://tcgplayer-cdn.tcgplayer.com/product/610531_200w.jpg,https://www.tcgplayer.com/product/610531/pokemon-sv-prismatic-evolutions-iron-leaves-ex,101.0,9.51,11.01,2025-02-12 02:01:35,-1.96%
610532,Teal Mask Ogerpon ex - 177/131,https://tcgplayer-cdn.tcgplayer.com/product/610532_200w.jpg,https://www.tcgplayer.com/product/610532/pokemon-sv-prismatic-evolutions-teal-mask-ogerpon-ex-177-131,72.0,13.78,15.33,2025-02-12 02:01:35,-1.6%
610533,Walking Wake ex,https://tcgplayer-cdn.tcgplayer.com/product/610533_200w.jpg,https://www.tcgplayer.com/product/610533/pokemon-sv-prismatic-evolutions-walking-wake-ex,91.0,16.44,16.44,2025-02-12 02:01:35,0.98%
610534,Pikachu ex - 179/131,https://tcgplayer-cdn.tcgplayer.com/product/610534_200w.jpg,https://www.tcgplayer.com/product/610534/pokemon-sv-prismatic-evolutions-pikachu-ex-179-131,46.0,80.0,89.09,2025-02-12 02:01:35,0.7%
610535,Terapagos ex - 180/131,https://tcgplayer-cdn.tcgplayer.com/product/610535_200w.jpg,https://www.tcgplayer.com/product/610535/pokemon-sv-prismatic-evolutions-terapagos-ex-180-131,68.0,20.99,22.63,2025-02-12 02:01:35,-0.79%
610536,Exeggcute (Poke Ball Pattern),https://tcgplayer-cdn.tcgplayer.com/product/610536_200w.jpg,https://www.tcgplayer.com/product/610536/pokemon-sv-prismatic-evolutions-exeggcute-poke-ball-pattern,189.0,0.45,0.66,2025-02-12 02:01:35,-1.49%
610537,Exeggutor (Poke Ball Pattern),https://tcgplayer-cdn.tcgplayer.com/product/610537_200w.jpg,https://www.tcgplayer.com/product/610537/pokemon-sv-prismatic-evolutions-exeggutor-poke-ball-pattern,144.0,0.25,0.57,2025-02-12 02:01:35,11.76%
610538,Pinsir (Poke Ball Pattern),https://tcgplayer-cdn.tcgplayer.com/product/610538_200w.jpg,https://www.tcgplayer.com/product/610538/pokemon-sv-prismatic-evolutions-pinsir-poke-ball-pattern,215.0,0.58,0.71,2025-02-12 02:01:35,-4.05%
610539,Budew (Poke Ball Pattern),https://tcgplayer-cdn.tcgplayer.com/product/610539_200w.jpg,https://www.tcgplayer.com/product/610539/pokemon-sv-prismatic-evolutions-budew-poke-ball-pattern,89.0,7.81,7.81,2025-02-12 02:01:35,-1.14%
610540,Leafeon (Poke Ball Pattern),https://tcgplayer-cdn.tcgplayer.com/product/610540_200w.jpg,https://www.tcgplayer.com/product/610540/pokemon-sv-prismatic-evolutions-leafeon-poke-ball-pattern,102.0,3.92,4.76,2025-02-12 02:01:35,0.85%
610541,Cottonee (Poke Ball Pattern),https://tcgplayer-cdn.tcgplayer.com/product/610541_200w.jpg,https://www.tcgplayer.com/product/610541/pokemon-sv-prismatic-evolutions-cottonee-poke-ball-pattern,167.0,0.3,0.89,2025-02-12 02:01:35,1.14%
610542,Whimsicott (Poke Ball Pattern),https://tcgplayer-cdn.tcgplayer.com/product/610542_200w.jpg,https://www.tcgplayer.com/product/610542/pokemon-sv-prismatic-evolutions-whimsicott-poke-ball-pattern,173.0,0.4,0.58,2025-02-11 02:13:44,N/A
610543,Applin (Poke Ball Pattern),https://tcgplayer-cdn.tcgplayer.com/product/610543_200w.jpg,https://www.tcgplayer.com/product/610543/pokemon-sv-prismatic-evolutions-applin-poke-ball-pattern,156.0,0.6,0.93,2025-02-12 02:01:35,4.49%
610544,Dipplin (Poke Ball Pattern),https://tcgplayer-cdn.tcgplayer.com/product/610544_200w.jpg,https://www.tcgplayer.com/product/610544/pokemon-sv-prismatic-evolutions-dipplin-poke-ball-pattern,161.0,0.49,0.74,2025-02-12 02:01:35,-3.9%
610545,Flareon (Poke Ball Pattern),https://tcgplayer-cdn.tcgplayer.com/product/610545_200w.jpg,https://www.tcgplayer.com/product/610545/pokemon-sv-prismatic-evolutions-flareon-poke-ball-pattern,137.0,3.0,3.77,2025-02-12 02:01:35,-7.82%
610546,Litleo (Poke Ball Pattern),https://tcgplayer-cdn.tcgplayer.com/product/610546_200w.jpg,https://www.tcgplayer.com/product/610546/pokemon-sv-prismatic-evolutions-litleo-poke-ball-pattern,181.0,0.5,0.72,2025-02-11 02:13:44,N/A
610547,Pyroar (Poke Ball Pattern),https://tcgplayer-cdn.tcgplayer.com/product/610547_200w.jpg,https://www.tcgplayer.com/product/610547/pokemon-sv-prismatic-evolutions-pyroar-poke-ball-pattern,191.0,0.38,0.72,2025-02-12 02:01:35,5.51%
610548,Slowpoke (Poke Ball Pattern),https://tcgplayer-cdn.tcgplayer.com/product/610548_200w.jpg,https://www.tcgplayer.com/product/610548/pokemon-sv-prismatic-evolutions-slowpoke-poke-ball-pattern,150.0,0.88,1.39,2025-02-12 02:01:35,0.72%
610549,Slowking (Poke Ball Pattern),https://tcgplayer-cdn.tcgplayer.com/product/610549_200w.jpg,https://www.tcgplayer.com/product/610549/pokemon-sv-prismatic-evolutions-slowking-poke-ball-pattern,180.0,0.5,0.8,2025-02-12 02:01:35,-6.98%
610550,Goldeen (Poke Ball Pattern),https://tcgplayer-cdn.tcgplayer.com/product/610550_200w.jpg,https://www.tcgplayer.com/product/610550/pokemon-sv-prismatic-evolutions-goldeen-poke-ball-pattern,145.0,0.49,0.6,2025-02-12 02:01:35,-21.05%
610551,Seaking (Poke Ball Pattern),https://tcgplayer-cdn.tcgplayer.com/product/610551_200w.jpg,https://www.tcgplayer.com/product/610551/pokemon-sv-prismatic-evolutions-seaking-poke-ball-pattern,126.0,0.6,0.81,2025-02-12 02:01:35,-3.57%
610552,Vaporeon (Poke Ball Pattern),https://tcgplayer-cdn.tcgplayer.com/product/610552_200w.jpg,https://www.tcgplayer.com/product/610552/pokemon-sv-prismatic-evolutions-vaporeon-poke-ball-pattern,118.0,3.29,4.22,2025-02-12 02:01:35,-3.87%
610553,Suicune (Poke Ball Pattern),https://tcgplayer-cdn.tcgplayer.com/product/610553_200w.jpg,https://www.tcgplayer.com/product/610553/pokemon-sv-prismatic-evolutions-suicune-poke-ball-pattern,168.0,1.49,2.11,2025-02-12 02:01:35,2.93%
610554,Glaceon (Poke Ball Pattern),https://tcgplayer-cdn.tcgplayer.com/product/610554_200w.jpg,https://www.tcgplayer.com/product/610554/pokemon-sv-prismatic-evolutions-glaceon-poke-ball-pattern,132.0,2.5,3.9,2025-02-12 02:01:35,-6.02%
610555,Jolteon (Poke Ball Pattern),https://tcgplayer-cdn.tcgplayer.com/product/610555_200w.jpg,https://www.tcgplayer.com/product/610555/pokemon-sv-prismatic-evolutions-jolteon-poke-ball-pattern,111.0,2.98,3.51,2025-02-12 02:01:35,2.63%
610557,Espeon (Poke Ball Pattern),https://tcgplayer-cdn.tcgplayer.com/product/610557_200w.jpg,https://www.tcgplayer.com/product/610557/pokemon-sv-prismatic-evolutions-espeon-poke-ball-pattern,126.0,4.7,6.18,2025-02-12 02:01:35,3.87%
610558,Duskull (Poke Ball Pattern),https://tcgplayer-cdn.tcgplayer.com/product/610558_200w.jpg,https://www.tcgplayer.com/product/610558/pokemon-sv-prismatic-evolutions-duskull-poke-ball-pattern,107.0,2.0,2.54,2025-02-12 02:01:35,9.48%
610559,Dusclops (Poke Ball Pattern),https://tcgplayer-cdn.tcgplayer.com/product/610559_200w.jpg,https://www.tcgplayer.com/product/610559/pokemon-sv-prismatic-evolutions-dusclops-poke-ball-pattern,102.0,0.75,1.43,2025-02-12 02:01:35,-1.38%
610560,Dusknoir (Poke Ball Pattern),https://tcgplayer-cdn.tcgplayer.com/product/610560_200w.jpg,https://www.tcgplayer.com/product/610560/pokemon-sv-prismatic-evolutions-dusknoir-poke-ball-pattern,78.0,1.69,1.95,2025-02-12 02:01:35,-2.99%
610561,Spritzee (Poke Ball Pattern),https://tcgplayer-cdn.tcgplayer.com/product/610561_200w.jpg,https://www.tcgplayer.com/product/610561/pokemon-sv-prismatic-evolutions-spritzee-poke-ball-pattern,168.0,0.24,0.42,2025-02-11 02:13:44,N/A
610562,Aromatisse (Poke Ball Pattern),https://tcgplayer-cdn.tcgplayer.com/product/610562_200w.jpg,https://www.tcgplayer.com/product/610562/pokemon-sv-prismatic-evolutions-aromatisse-poke-ball-pattern,158.0,0.5,0.73,2025-02-11 02:13:44,N/A
610563,Sylveon (Poke Ball Pattern),https://tcgplayer-cdn.tcgplayer.com/product/610563_200w.jpg,https://www.tcgplayer.com/product/610563/pokemon-sv-prismatic-evolutions-sylveon-poke-ball-pattern,151.0,3.23,4.79,2025-02-12 02:01:35,-1.44%
610564,Scream Tail (Poke Ball Pattern),https://tcgplayer-cdn.tcgplayer.com/product/610564_200w.jpg,https://www.tcgplayer.com/product/610564/pokemon-sv-prismatic-evolutions-scream-tail-poke-ball-pattern,135.0,0.1,0.84,2025-02-12 02:01:35,-2.33%
610565,Flutter Mane (Poke Ball Pattern),https://tcgplayer-cdn.tcgplayer.com/product/610565_200w.jpg,https://www.tcgplayer.com/product/610565/pokemon-sv-prismatic-evolutions-flutter-mane-poke-ball-pattern,138.0,0.65,0.93,2025-02-12 02:01:35,-13.89%
610566,Munkidori (Poke Ball Pattern),https://tcgplayer-cdn.tcgplayer.com/product/610566_200w.jpg,https://www.tcgplayer.com/product/610566/pokemon-sv-prismatic-evolutions-munkidori-poke-ball-pattern,117.0,0.71,1.27,2025-02-12 02:01:35,-0.78%
610567,Fezandipiti (Poke Ball Pattern),https://tcgplayer-cdn.tcgplayer.com/product/610567_200w.jpg,https://www.tcgplayer.com/product/610567/pokemon-sv-prismatic-evolutions-fezandipiti-poke-ball-pattern,148.0,0.3,0.54,2025-02-12 02:01:35,-3.57%
610568,Iron Boulder (Poke Ball Pattern),https://tcgplayer-cdn.tcgplayer.com/product/610568_200w.jpg,https://www.tcgplayer.com/product/610568/pokemon-sv-prismatic-evolutions-iron-boulder-poke-ball-pattern,162.0,0.41,0.61,2025-02-12 02:01:35,-6.15%
610569,Larvitar (Poke Ball Pattern),https://tcgplayer-cdn.tcgplayer.com/product/610569_200w.jpg,https://www.tcgplayer.com/product/610569/pokemon-sv-prismatic-evolutions-larvitar-poke-ball-pattern,136.0,0.48,0.85,2025-02-12 02:01:35,7.59%
610570,Pupitar (Poke Ball Pattern),https://tcgplayer-cdn.tcgplayer.com/product/610570_200w.jpg,https://www.tcgplayer.com/product/610570/pokemon-sv-prismatic-evolutions-pupitar-poke-ball-pattern,179.0,0.4,0.5428,2025-02-12 02:01:35,6.43%
610571,Groudon (Poke Ball Pattern),https://tcgplayer-cdn.tcgplayer.com/product/610571_200w.jpg,https://www.tcgplayer.com/product/610571/pokemon-sv-prismatic-evolutions-groudon-poke-ball-pattern,194.0,0.75,1.2,2025-02-12 02:01:35,-2.44%
610572,Riolu (Poke Ball Pattern),https://tcgplayer-cdn.tcgplayer.com/product/610572_200w.jpg,https://www.tcgplayer.com/product/610572/pokemon-sv-prismatic-evolutions-riolu-poke-ball-pattern,157.0,0.91,1.03,2025-02-12 02:01:35,-2.83%
610573,Hippopotas (Poke Ball Pattern),https://tcgplayer-cdn.tcgplayer.com/product/610573_200w.jpg,https://www.tcgplayer.com/product/610573/pokemon-sv-prismatic-evolutions-hippopotas-poke-ball-pattern,160.0,0.5,0.58,2025-02-12 02:01:35,-1.69%
610574,Hippowdon (Poke Ball Pattern),https://tcgplayer-cdn.tcgplayer.com/product/610574_200w.jpg,https://www.tcgplayer.com/product/610574/pokemon-sv-prismatic-evolutions-hippowdon-poke-ball-pattern,169.0,0.48,0.59,2025-02-12 02:01:35,-1.67%
610575,Bloodmoon Ursaluna (Poke Ball Pattern),https://tcgplayer-cdn.tcgplayer.com/product/610575_200w.jpg,https://www.tcgplayer.com/product/610575/pokemon-sv-prismatic-evolutions-bloodmoon-ursaluna-poke-ball-pattern,188.0,0.6,0.79,2025-02-12 02:01:35,-2.47%
610576,Great Tusk (Poke Ball Pattern),https://tcgplayer-cdn.tcgplayer.com/product/610576_200w.jpg,https://www.tcgplayer.com/product/610576/pokemon-sv-prismatic-evolutions-great-tusk-poke-ball-pattern,102.0,0.47,0.71,2025-02-12 02:01:35,2.9%
610577,Okidogi (Poke Ball Pattern),https://tcgplayer-cdn.tcgplayer.com/product/610577_200w.jpg,https://www.tcgplayer.com/product/610577/pokemon-sv-prismatic-evolutions-okidogi-poke-ball-pattern,208.0,0.5,0.67,2025-02-12 02:01:35,-2.9%
610578,Umbreon (Poke Ball Pattern),https://tcgplayer-cdn.tcgplayer.com/product/610578_200w.jpg,https://www.tcgplayer.com/product/610578/pokemon-sv-prismatic-evolutions-umbreon-poke-ball-pattern,102.0,14.99,14.67,2025-02-12 02:01:35,1.24%
610579,Sneasel (Poke Ball Pattern),https://tcgplayer-cdn.tcgplayer.com/product/610579_200w.jpg,https://www.tcgplayer.com/product/610579/pokemon-sv-prismatic-evolutions-sneasel-poke-ball-pattern,214.0,0.58,0.74,2025-02-12 02:01:35,-2.63%
610580,Houndour (Poke Ball Pattern),https://tcgplayer-cdn.tcgplayer.com/product/610580_200w.jpg,https://www.tcgplayer.com/product/610580/pokemon-sv-prismatic-evolutions-houndour-poke-ball-pattern,166.0,0.5,1.22,2025-02-12 02:01:35,-0.81%
610581,Houndoom (Poke Ball Pattern),https://tcgplayer-cdn.tcgplayer.com/product/610581_200w.jpg,https://www.tcgplayer.com/product/610581/pokemon-sv-prismatic-evolutions-houndoom-poke-ball-pattern,183.0,0.65,1.58,2025-02-11 02:13:44,N/A
610582,Roaring Moon (Poke Ball Pattern),https://tcgplayer-cdn.tcgplayer.com/product/610582_200w.jpg,https://www.tcgplayer.com/product/610582/pokemon-sv-prismatic-evolutions-roaring-moon-poke-ball-pattern,136.0,0.95,1.15,2025-02-12 02:01:35,-1.71%
610583,Bronzor (Poke Ball Pattern),https://tcgplayer-cdn.tcgplayer.com/product/610583_200w.jpg,https://www.tcgplayer.com/product/610583/pokemon-sv-prismatic-evolutions-bronzor-poke-ball-pattern,165.0,0.34,0.7,2025-02-12 02:01:35,4.48%
610584,Bronzong (Poke Ball Pattern),https://tcgplayer-cdn.tcgplayer.com/product/610584_200w.jpg,https://www.tcgplayer.com/product/610584/pokemon-sv-prismatic-evolutions-bronzong-poke-ball-pattern,187.0,0.44,0.7,2025-02-12 02:01:35,1.45%
610585,Heatran (Poke Ball Pattern),https://tcgplayer-cdn.tcgplayer.com/product/610585_200w.jpg,https://www.tcgplayer.com/product/610585/pokemon-sv-prismatic-evolutions-heatran-poke-ball-pattern,193.0,0.2,0.53,2025-02-12 02:01:35,-23.19%
610586,Duraludon (Poke Ball Pattern),https://tcgplayer-cdn.tcgplayer.com/product/610586_200w.jpg,https://www.tcgplayer.com/product/610586/pokemon-sv-prismatic-evolutions-duraludon-poke-ball-pattern,85.0,2.1,2.36,2025-02-12 02:01:35,-0.42%
610587,Archaludon (Poke Ball Pattern),https://tcgplayer-cdn.tcgplayer.com/product/610587_200w.jpg,https://www.tcgplayer.com/product/610587/pokemon-sv-prismatic-evolutions-archaludon-poke-ball-pattern,184.0,0.05,0.5,2025-02-12 02:01:35,-7.41%
610588,Dreepy (Poke Ball Pattern),https://tcgplayer-cdn.tcgplayer.com/product/610588_200w.jpg,https://www.tcgplayer.com/product/610588/pokemon-sv-prismatic-evolutions-dreepy-poke-ball-pattern,52.0,6.07,6.09,2025-02-12 02:01:35,4.46%
610589,Drakloak (Poke Ball Pattern),https://tcgplayer-cdn.tcgplayer.com/product/610589_200w.jpg,https://www.tcgplayer.com/product/610589/pokemon-sv-prismatic-evolutions-drakloak-poke-ball-pattern,71.0,4.84,5.14,2025-02-12 02:01:35,4.05%
610590,Eevee (Poke Ball Pattern),https://tcgplayer-cdn.tcgplayer.com/product/610590_200w.jpg,https://www.tcgplayer.com/product/610590/pokemon-sv-prismatic-evolutions-eevee-poke-ball-pattern,143.0,3.98,5.2,2025-02-12 02:01:35,2.16%
610591,Hoothoot (Poke Ball Pattern),https://tcgplayer-cdn.tcgplayer.com/product/610591_200w.jpg,https://www.tcgplayer.com/product/610591/pokemon-sv-prismatic-evolutions-hoothoot-poke-ball-pattern,143.0,0.6,0.9,2025-02-12 02:01:35,-3.23%
610592,Noctowl (Poke Ball Pattern),https://tcgplayer-cdn.tcgplayer.com/product/610592_200w.jpg,https://www.tcgplayer.com/product/610592/pokemon-sv-prismatic-evolutions-noctowl-poke-ball-pattern,88.0,1.07,1.14,2025-02-12 02:01:35,-2.56%
610593,Dunsparce (Poke Ball Pattern),https://tcgplayer-cdn.tcgplayer.com/product/610593_200w.jpg,https://www.tcgplayer.com/product/610593/pokemon-sv-prismatic-evolutions-dunsparce-poke-ball-pattern,118.0,0.75,0.81,2025-02-12 02:01:35,-4.71%
610594,Dudunsparce (Poke Ball Pattern),https://tcgplayer-cdn.tcgplayer.com/product/610594_200w.jpg,https://www.tcgplayer.com/product/610594/pokemon-sv-prismatic-evolutions-dudunsparce-poke-ball-pattern,115.0,0.89,1.35,2025-02-12 02:01:35,-3.57%
610595,Miltank (Poke Ball Pattern),https://tcgplayer-cdn.tcgplayer.com/product/610595_200w.jpg,https://www.tcgplayer.com/product/610595/pokemon-sv-prismatic-evolutions-miltank-poke-ball-pattern,206.0,0.64,0.99,2025-02-12 02:01:35,-1.0%
610596,Buneary (Poke Ball Pattern),https://tcgplayer-cdn.tcgplayer.com/product/610596_200w.jpg,https://www.tcgplayer.com/product/610596/pokemon-sv-prismatic-evolutions-buneary-poke-ball-pattern,146.0,0.34,0.62,2025-02-12 02:01:35,-6.06%
610597,Lopunny (Poke Ball Pattern),https://tcgplayer-cdn.tcgplayer.com/product/610597_200w.jpg,https://www.tcgplayer.com/product/610597/pokemon-sv-prismatic-evolutions-lopunny-poke-ball-pattern,132.0,0.43,0.61,2025-02-12 02:01:35,-3.17%
610598,Fan Rotom (Poke Ball Pattern),https://tcgplayer-cdn.tcgplayer.com/product/610598_200w.jpg,https://www.tcgplayer.com/product/610598/pokemon-sv-prismatic-evolutions-fan-rotom-poke-ball-pattern,95.0,1.5,1.61,2025-02-12 02:01:35,5.23%
610599,Regigigas (Poke Ball Pattern),https://tcgplayer-cdn.tcgplayer.com/product/610599_200w.jpg,https://www.tcgplayer.com/product/610599/pokemon-sv-prismatic-evolutions-regigigas-poke-ball-pattern,96.0,1.22,1.64,2025-02-12 02:01:35,-1.2%
610600,Shaymin (Poke Ball Pattern),https://tcgplayer-cdn.tcgplayer.com/product/610600_200w.jpg,https://www.tcgplayer.com/product/610600/pokemon-sv-prismatic-evolutions-shaymin-poke-ball-pattern,185.0,0.75,1.12,2025-02-12 02:01:35,2.75%
610601,Furfrou (Poke Ball Pattern),https://tcgplayer-cdn.tcgplayer.com/product/610601_200w.jpg,https://www.tcgplayer.com/product/610601/pokemon-sv-prismatic-evolutions-furfrou-poke-ball-pattern,179.0,0.43,0.66,2025-02-12 02:01:35,8.2%
610602,Hawlucha (Poke Ball Pattern),https://tcgplayer-cdn.tcgplayer.com/product/610602_200w.jpg,https://www.tcgplayer.com/product/610602/pokemon-sv-prismatic-evolutions-hawlucha-poke-ball-pattern,208.0,0.25,0.72,2025-02-12 02:01:35,1.41%
610603,Noibat (Poke Ball Pattern),https://tcgplayer-cdn.tcgplayer.com/product/610603_200w.jpg,https://www.tcgplayer.com/product/610603/pokemon-sv-prismatic-evolutions-noibat-poke-ball-pattern,177.0,0.19,0.55,2025-02-11 02:13:44,N/A
610604,Amarys - 093/131 (Poke Ball Pattern),https://tcgplayer-cdn.tcgplayer.com/product/610604_200w.jpg,https://www.tcgplayer.com/product/610604/pokemon-sv-prismatic-evolutions-amarys-093-131-poke-ball-pattern,167.0,0.3,0.71,2025-02-12 02:01:35,-4.05%
610605,Area Zero Underdepths (Poke Ball Pattern),https://tcgplayer-cdn.tcgplayer.com/product/610605_200w.jpg,https://www.tcgplayer.com/product/610605/pokemon-sv-prismatic-evolutions-area-zero-underdepths-poke-ball-pattern,57.0,2.15,2.36,2025-02-11 02:13:44,N/A
610606,Binding Mochi (Poke Ball Pattern),https://tcgplayer-cdn.tcgplayer.com/product/610606_200w.jpg,https://www.tcgplayer.com/product/610606/pokemon-sv-prismatic-evolutions-binding-mochi-poke-ball-pattern,111.0,0.62,1.15,2025-02-12 02:01:35,-6.5%
610607,Black Belt's Training - 096/131 (Poke Ball Pattern),https://tcgplayer-cdn.tcgplayer.com/product/610607_200w.jpg,https://www.tcgplayer.com/product/610607/pokemon-sv-prismatic-evolutions-black-belts-training-096-131-poke-ball-pattern,162.0,0.7,1.09,2025-02-11 02:13:44,N/A
610608,Black Belt's Training - 097/131 (Poke Ball Pattern),https://tcgplayer-cdn.tcgplayer.com/product/610608_200w.jpg,https://www.tcgplayer.com/product/610608/pokemon-sv-prismatic-evolutions-black-belts-training-097-131-poke-ball-pattern,111.0,0.43,0.9,2025-02-12 02:01:35,-1.1%
610609,Black Belt's Training - 098/131 (Poke Ball Pattern),https://tcgplayer-cdn.tcgplayer.com/product/610609_200w.jpg,https://www.tcgplayer.com/product/610609/pokemon-sv-prismatic-evolutions-black-belts-training-098-131-poke-ball-pattern,150.0,0.4,0.69,2025-02-12 02:01:35,-5.48%
610610,Black Belt's Training - 099/131 (Poke Ball Pattern),https://tcgplayer-cdn.tcgplayer.com/product/610610_200w.jpg,https://www.tcgplayer.com/product/610610/pokemon-sv-prismatic-evolutions-black-belts-training-099-131-poke-ball-pattern,186.0,0.3,0.7,2025-02-12 02:01:35,-4.11%
610611,Briar (Poke Ball Pattern),https://tcgplayer-cdn.tcgplayer.com/product/610611_200w.jpg,https://www.tcgplayer.com/product/610611/pokemon-sv-prismatic-evolutions-briar-poke-ball-pattern,184.0,0.85,1.1,2025-02-12 02:01:35,4.76%
610612,Buddy-Buddy Poffin (Poke Ball Pattern),https://tcgplayer-cdn.tcgplayer.com/product/610612_200w.jpg,https://www.tcgplayer.com/product/610612/pokemon-sv-prismatic-evolutions-buddy-buddy-poffin-poke-ball-pattern,93.0,2.69,3.22,2025-02-12 02:01:35,-2.72%
610613,Bug Catching Set (Poke Ball Pattern),https://tcgplayer-cdn.tcgplayer.com/product/610613_200w.jpg,https://www.tcgplayer.com/product/610613/pokemon-sv-prismatic-evolutions-bug-catching-set-poke-ball-pattern,118.0,0.75,1.24,2025-02-12 02:01:35,-0.8%
610614,Carmine (Poke Ball Pattern),https://tcgplayer-cdn.tcgplayer.com/product/610614_200w.jpg,https://www.tcgplayer.com/product/610614/pokemon-sv-prismatic-evolutions-carmine-poke-ball-pattern,173.0,0.94,1.18,2025-02-12 02:01:35,2.61%
610615,Ciphermaniac's Codebreaking (Poke Ball Pattern),https://tcgplayer-cdn.tcgplayer.com/product/610615_200w.jpg,https://www.tcgplayer.com/product/610615/pokemon-sv-prismatic-evolutions-ciphermaniacs-codebreaking-poke-ball-pattern,166.0,0.44,0.75,2025-02-12 02:01:35,-1.32%
610616,Crispin - 105/131 (Poke Ball Pattern),https://tcgplayer-cdn.tcgplayer.com/product/610616_200w.jpg,https://www.tcgplayer.com/product/610616/pokemon-sv-prismatic-evolutions-crispin-105-131-poke-ball-pattern,107.0,1.0,1.66,2025-02-12 02:01:35,12.93%
610617,Earthen Vessel (Poke Ball Pattern),https://tcgplayer-cdn.tcgplayer.com/product/610617_200w.jpg,https://www.tcgplayer.com/product/610617/pokemon-sv-prismatic-evolutions-earthen-vessel-poke-ball-pattern,105.0,3.48,4.13,2025-02-12 02:01:35,-0.72%
610618,Explorer's Guidance (Poke Ball Pattern),https://tcgplayer-cdn.tcgplayer.com/product/610618_200w.jpg,https://www.tcgplayer.com/product/610618/pokemon-sv-prismatic-evolutions-explorers-guidance-poke-ball-pattern,214.0,0.54,0.83,2025-02-11 02:13:44,N/A
610619,Festival Grounds (Poke Ball Pattern),https://tcgplayer-cdn.tcgplayer.com/product/610619_200w.jpg,https://www.tcgplayer.com/product/610619/pokemon-sv-prismatic-evolutions-festival-grounds-poke-ball-pattern,131.0,0.56,0.61,2025-02-12 02:01:35,7.02%
610620,Friends in Paldea - 109/131 (Poke Ball Pattern),https://tcgplayer-cdn.tcgplayer.com/product/610620_200w.jpg,https://www.tcgplayer.com/product/610620/pokemon-sv-prismatic-evolutions-friends-in-paldea-109-131-poke-ball-pattern,147.0,0.47,0.67,2025-02-11 02:13:44,N/A
610621,Glass Trumpet (Poke Ball Pattern),https://tcgplayer-cdn.tcgplayer.com/product/610621_200w.jpg,https://www.tcgplayer.com/product/610621/pokemon-sv-prismatic-evolutions-glass-trumpet-poke-ball-pattern,108.0,0.8,1.39,2025-02-11 02:13:44,N/A
610622,Haban Berry (Poke Ball Pattern),https://tcgplayer-cdn.tcgplayer.com/product/610622_200w.jpg,https://www.tcgplayer.com/product/610622/pokemon-sv-prismatic-evolutions-haban-berry-poke-ball-pattern,179.0,0.4,0.63,2025-02-12 02:01:35,5.0%
610623,Janine's Secret Art - 112/131 (Poke Ball Pattern),https://tcgplayer-cdn.tcgplayer.com/product/610623_200w.jpg,https://www.tcgplayer.com/product/610623/pokemon-sv-prismatic-evolutions-janines-secret-art-112-131-poke-ball-pattern,152.0,0.49,0.62,2025-02-12 02:01:35,-3.13%
610624,Kieran - 113/131 (Poke Ball Pattern),https://tcgplayer-cdn.tcgplayer.com/product/610624_200w.jpg,https://www.tcgplayer.com/product/610624/pokemon-sv-prismatic-evolutions-kieran-113-131-poke-ball-pattern,149.0,0.44,0.82,2025-02-12 02:01:35,3.8%
610625,Lacey - 114/131 (Poke Ball Pattern),https://tcgplayer-cdn.tcgplayer.com/product/610625_200w.jpg,https://www.tcgplayer.com/product/610625/pokemon-sv-prismatic-evolutions-lacey-114-131-poke-ball-pattern,182.0,0.49,0.69,2025-02-11 02:13:44,N/A
610626,Larry's Skill - 115/131 (Poke Ball Pattern),https://tcgplayer-cdn.tcgplayer.com/product/610626_200w.jpg,https://www.tcgplayer.com/product/610626/pokemon-sv-prismatic-evolutions-larrys-skill-115-131-poke-ball-pattern,161.0,0.41,0.66,2025-02-12 02:01:35,1.54%
610627,Ogre's Mask (Poke Ball Pattern),https://tcgplayer-cdn.tcgplayer.com/product/610627_200w.jpg,https://www.tcgplayer.com/product/610627/pokemon-sv-prismatic-evolutions-ogres-mask-poke-ball-pattern,185.0,0.25,0.47,2025-02-12 02:01:35,2.17%
610628,Professor Sada's Vitality (Poke Ball Pattern),https://tcgplayer-cdn.tcgplayer.com/product/610628_200w.jpg,https://www.tcgplayer.com/product/610628/pokemon-sv-prismatic-evolutions-professor-sadas-vitality-poke-ball-pattern,149.0,0.68,0.94,2025-02-11 02:13:44,N/A
610629,Professor Turo's Scenario (Poke Ball Pattern),https://tcgplayer-cdn.tcgplayer.com/product/610629_200w.jpg,https://www.tcgplayer.com/product/610629/pokemon-sv-prismatic-evolutions-professor-turos-scenario-poke-ball-pattern,109.0,0.28,0.6392,2025-02-12 02:01:35,6.53%
610630,Professor's Research [Professor Oak] (Poke Ball Pattern),https://tcgplayer-cdn.tcgplayer.com/product/610630_200w.jpg,https://www.tcgplayer.com/product/610630/pokemon-sv-prismatic-evolutions-professors-research-professor-oak-poke-ball-pattern,140.0,1.0,1.38,2025-02-12 02:01:35,-2.13%
610631,Professor's Research [Professor Elm] (Poke Ball Pattern),https://tcgplayer-cdn.tcgplayer.com/product/610631_200w.jpg,https://www.tcgplayer.com/product/610631/pokemon-sv-prismatic-evolutions-professors-research-professor-elm-poke-ball-pattern,179.0,0.64,1.26,2025-02-12 02:01:35,-0.79%
610632,Professor's Research [Professor Rowan] (Poke Ball Pattern),https://tcgplayer-cdn.tcgplayer.com/product/610632_200w.jpg,https://www.tcgplayer.com/product/610632/pokemon-sv-prismatic-evolutions-professors-research-professor-rowan-poke-ball-pattern,137.0,0.44,0.6536,2025-02-12 02:01:35,5.42%
610633,Professor's Research [Professor Sycamore] (Poke Ball Pattern),https://tcgplayer-cdn.tcgplayer.com/product/610633_200w.jpg,https://www.tcgplayer.com/product/610633/pokemon-sv-prismatic-evolutions-professors-research-professor-sycamore-poke-ball-pattern,130.0,0.74,1.01,2025-02-12 02:01:35,2.02%
610634,Rescue Board (Poke Ball Pattern),https://tcgplayer-cdn.tcgplayer.com/product/610634_200w.jpg,https://www.tcgplayer.com/product/610634/pokemon-sv-prismatic-evolutions-rescue-board-poke-ball-pattern,184.0,0.57,0.83,2025-02-12 02:01:35,-8.79%
610635,Roto-Stick (Poke Ball Pattern),https://tcgplayer-cdn.tcgplayer.com/product/610635_200w.jpg,https://www.tcgplayer.com/product/610635/pokemon-sv-prismatic-evolutions-roto-stick-poke-ball-pattern,151.0,0.25,0.55,2025-02-12 02:01:35,-6.78%
610636,Techno Radar (Poke Ball Pattern),https://tcgplayer-cdn.tcgplayer.com/product/610636_200w.jpg,https://www.tcgplayer.com/product/610636/pokemon-sv-prismatic-evolutions-techno-radar-poke-ball-pattern,141.0,0.49,0.8,2025-02-12 02:01:35,-1.23%
610637,Exeggcute (Master Ball Pattern),https://tcgplayer-cdn.tcgplayer.com/product/610637_200w.jpg,https://www.tcgplayer.com/product/610637/pokemon-sv-prismatic-evolutions-exeggcute-master-ball-pattern,88.0,7.46,7.46,2025-02-12 02:01:35,-8.13%
610638,Exeggutor (Master Ball Pattern),https://tcgplayer-cdn.tcgplayer.com/product/610638_200w.jpg,https://www.tcgplayer.com/product/610638/pokemon-sv-prismatic-evolutions-exeggutor-master-ball-pattern,39.0,10.0,10.68,2025-02-12 02:01:35,-0.19%
610639,Pinsir (Master Ball Pattern),https://tcgplayer-cdn.tcgplayer.com/product/610639_200w.jpg,https://www.tcgplayer.com/product/610639/pokemon-sv-prismatic-evolutions-pinsir-master-ball-pattern,105.0,6.51,7.77,2025-02-12 02:01:35,-0.26%
610640,Budew (Master Ball Pattern),https://tcgplayer-cdn.tcgplayer.com/product/610640_200w.jpg,https://www.tcgplayer.com/product/610640/pokemon-sv-prismatic-evolutions-budew-master-ball-pattern,43.0,25.0,25.96,2025-02-12 02:01:35,-1.48%
610641,Leafeon (Master Ball Pattern),https://tcgplayer-cdn.tcgplayer.com/product/610641_200w.jpg,https://www.tcgplayer.com/product/610641/pokemon-sv-prismatic-evolutions-leafeon-master-ball-pattern,24.0,60.0,61.72,2025-02-12 02:01:35,0.21%
610642,Cottonee (Master Ball Pattern),https://tcgplayer-cdn.tcgplayer.com/product/610642_200w.jpg,https://www.tcgplayer.com/product/610642/pokemon-sv-prismatic-evolutions-cottonee-master-ball-pattern,105.0,2.8,4.14,2025-02-12 02:01:35,-3.94%
610643,Whimsicott (Master Ball Pattern),https://tcgplayer-cdn.tcgplayer.com/product/610643_200w.jpg,https://www.tcgplayer.com/product/610643/pokemon-sv-prismatic-evolutions-whimsicott-master-ball-pattern,27.0,11.31,11.9,2025-02-11 02:13:44,N/A
610644,Applin (Master Ball Pattern),https://tcgplayer-cdn.tcgplayer.com/product/610644_200w.jpg,https://www.tcgplayer.com/product/610644/pokemon-sv-prismatic-evolutions-applin-master-ball-pattern,69.0,4.5,5.3,2025-02-12 02:01:35,0.19%
610645,Dipplin (Master Ball Pattern),https://tcgplayer-cdn.tcgplayer.com/product/610645_200w.jpg,https://www.tcgplayer.com/product/610645/pokemon-sv-prismatic-evolutions-dipplin-master-ball-pattern,73.0,3.5,4.7,2025-02-12 02:01:35,-1.05%
610646,Flareon (Master Ball Pattern),https://tcgplayer-cdn.tcgplayer.com/product/610646_200w.jpg,https://www.tcgplayer.com/product/610646/pokemon-sv-prismatic-evolutions-flareon-master-ball-pattern,29.0,45.0,47.65,2025-02-12 02:01:35,-1.93%
610647,Litleo (Master Ball Pattern),https://tcgplayer-cdn.tcgplayer.com/product/610647_200w.jpg,https://www.tcgplayer.com/product/610647/pokemon-sv-prismatic-evolutions-litleo-master-ball-pattern,93.0,6.04,6.04,2025-02-12 02:01:35,-2.27%
610648,Pyroar (Master Ball Pattern),https://tcgplayer-cdn.tcgplayer.com/product/610648_200w.jpg,https://www.tcgplayer.com/product/610648/pokemon-sv-prismatic-evolutions-pyroar-master-ball-pattern,72.0,4.75,5.31,2025-02-12 02:01:35,-0.19%
610649,Slowpoke (Master Ball Pattern),https://tcgplayer-cdn.tcgplayer.com/product/610649_200w.jpg,https://www.tcgplayer.com/product/610649/pokemon-sv-prismatic-evolutions-slowpoke-master-ball-pattern,92.0,12.21,13.64,2025-02-12 02:01:35,-1.45%
610650,Slowking (Master Ball Pattern),https://tcgplayer-cdn.tcgplayer.com/product/610650_200w.jpg,https://www.tcgplayer.com/product/610650/pokemon-sv-prismatic-evolutions-slowking-master-ball-pattern,97.0,7.5,8.66,2025-02-12 02:01:35,0.93%
610651,Goldeen (Master Ball Pattern),https://tcgplayer-cdn.tcgplayer.com/product/610651_200w.jpg,https://www.tcgplayer.com/product/610651/pokemon-sv-prismatic-evolutions-goldeen-master-ball-pattern,71.0,6.34,6.45,2025-02-12 02:01:35,1.74%
610652,Seaking (Master Ball Pattern),https://tcgplayer-cdn.tcgplayer.com/product/610652_200w.jpg,https://www.tcgplayer.com/product/610652/pokemon-sv-prismatic-evolutions-seaking-master-ball-pattern,79.0,5.0,6.62,2025-02-12 02:01:35,0.61%
610653,Vaporeon (Master Ball Pattern),https://tcgplayer-cdn.tcgplayer.com/product/610653_200w.jpg,https://www.tcgplayer.com/product/610653/pokemon-sv-prismatic-evolutions-vaporeon-master-ball-pattern,43.0,65.0,72.77,2025-02-12 02:01:35,-2.14%
610654,Suicune (Master Ball Pattern),https://tcgplayer-cdn.tcgplayer.com/product/610654_200w.jpg,https://www.tcgplayer.com/product/610654/pokemon-sv-prismatic-evolutions-suicune-master-ball-pattern,36.0,32.75,39.77,2025-02-12 02:01:35,-1.22%
610655,Glaceon (Master Ball Pattern),https://tcgplayer-cdn.tcgplayer.com/product/610655_200w.jpg,https://www.tcgplayer.com/product/610655/pokemon-sv-prismatic-evolutions-glaceon-master-ball-pattern,51.0,46.04,55.89,2025-02-12 02:01:35,-3.87%
610656,Jolteon (Master Ball Pattern),https://tcgplayer-cdn.tcgplayer.com/product/610656_200w.jpg,https://www.tcgplayer.com/product/610656/pokemon-sv-prismatic-evolutions-jolteon-master-ball-pattern,49.0,49.99,64.63,2025-02-12 02:01:35,-2.19%
610658,Espeon (Master Ball Pattern),https://tcgplayer-cdn.tcgplayer.com/product/610658_200w.jpg,https://www.tcgplayer.com/product/610658/pokemon-sv-prismatic-evolutions-espeon-master-ball-pattern,52.0,64.98,70.07,2025-02-12 02:01:35,-1.13%
610659,Duskull (Master Ball Pattern),https://tcgplayer-cdn.tcgplayer.com/product/610659_200w.jpg,https://www.tcgplayer.com/product/610659/pokemon-sv-prismatic-evolutions-duskull-master-ball-pattern,28.0,7.02,6.7,2025-02-12 02:01:35,1.82%
610660,Dusclops (Master Ball Pattern),https://tcgplayer-cdn.tcgplayer.com/product/610660_200w.jpg,https://www.tcgplayer.com/product/610660/pokemon-sv-prismatic-evolutions-dusclops-master-ball-pattern,43.0,5.2,5.16,2025-02-12 02:01:35,1.18%
610661,Dusknoir (Master Ball Pattern),https://tcgplayer-cdn.tcgplayer.com/product/610661_200w.jpg,https://www.tcgplayer.com/product/610661/pokemon-sv-prismatic-evolutions-dusknoir-master-ball-pattern,61.0,17.99,20.14,2025-02-12 02:01:35,-1.08%
610662,Spritzee (Master Ball Pattern),https://tcgplayer-cdn.tcgplayer.com/product/610662_200w.jpg,https://www.tcgplayer.com/product/610662/pokemon-sv-prismatic-evolutions-spritzee-master-ball-pattern,90.0,3.9,4.94,2025-02-12 02:01:35,-2.37%
610663,Aromatisse (Master Ball Pattern),https://tcgplayer-cdn.tcgplayer.com/product/610663_200w.jpg,https://www.tcgplayer.com/product/610663/pokemon-sv-prismatic-evolutions-aromatisse-master-ball-pattern,21.0,7.51,6.53,2025-02-11 02:13:44,N/A
610664,Sylveon (Master Ball Pattern),https://tcgplayer-cdn.tcgplayer.com/product/610664_200w.jpg,https://www.tcgplayer.com/product/610664/pokemon-sv-prismatic-evolutions-sylveon-master-ball-pattern,46.0,60.0,81.94,2025-02-12 02:01:35,-5.81%
610665,Scream Tail (Master Ball Pattern),https://tcgplayer-cdn.tcgplayer.com/product/610665_200w.jpg,https://www.tcgplayer.com/product/610665/pokemon-sv-prismatic-evolutions-scream-tail-master-ball-pattern,33.0,8.68,8.74,2025-02-12 02:01:35,0.69%
610666,Flutter Mane (Master Ball Pattern),https://tcgplayer-cdn.tcgplayer.com/product/610666_200w.jpg,https://www.tcgplayer.com/product/610666/pokemon-sv-prismatic-evolutions-flutter-mane-master-ball-pattern,40.0,12.73,14.59,2025-02-11 02:13:44,N/A
610667,Munkidori (Master Ball Pattern),https://tcgplayer-cdn.tcgplayer.com/product/610667_200w.jpg,https://www.tcgplayer.com/product/610667/pokemon-sv-prismatic-evolutions-munkidori-master-ball-pattern,29.0,8.95,8.37,2025-02-12 02:01:35,0.12%
610668,Fezandipiti (Master Ball Pattern),https://tcgplayer-cdn.tcgplayer.com/product/610668_200w.jpg,https://www.tcgplayer.com/product/610668/pokemon-sv-prismatic-evolutions-fezandipiti-master-ball-pattern,64.0,11.2,12.62,2025-02-11 02:13:44,N/A
610669,Iron Boulder (Master Ball Pattern),https://tcgplayer-cdn.tcgplayer.com/product/610669_200w.jpg,https://www.tcgplayer.com/product/610669/pokemon-sv-prismatic-evolutions-iron-boulder-master-ball-pattern,62.0,10.55,11.37,2025-02-11 02:13:44,N/A
610670,Larvitar (Master Ball Pattern),https://tcgplayer-cdn.tcgplayer.com/product/610670_200w.jpg,https://www.tcgplayer.com/product/610670/pokemon-sv-prismatic-evolutions-larvitar-master-ball-pattern,112.0,7.99,11.73,2025-02-11 02:13:44,N/A
610671,Pupitar (Master Ball Pattern),https://tcgplayer-cdn.tcgplayer.com/product/610671_200w.jpg,https://www.tcgplayer.com/product/610671/pokemon-sv-prismatic-evolutions-pupitar-master-ball-pattern,46.0,10.84,11.79,2025-02-12 02:01:35,-0.42%
610672,Groudon (Master Ball Pattern),https://tcgplayer-cdn.tcgplayer.com/product/610672_200w.jpg,https://www.tcgplayer.com/product/610672/pokemon-sv-prismatic-evolutions-groudon-master-ball-pattern,51.0,20.93,24.74,2025-02-12 02:01:35,-0.64%
610673,Riolu (Master Ball Pattern),https://tcgplayer-cdn.tcgplayer.com/product/610673_200w.jpg,https://www.tcgplayer.com/product/610673/pokemon-sv-prismatic-evolutions-riolu-master-ball-pattern,51.0,17.5,20.57,2025-02-12 02:01:35,-1.3%
610674,Hippopotas (Master Ball Pattern),https://tcgplayer-cdn.tcgplayer.com/product/610674_200w.jpg,https://www.tcgplayer.com/product/610674/pokemon-sv-prismatic-evolutions-hippopotas-master-ball-pattern,88.0,3.82,5.07,2025-02-12 02:01:35,1.81%
610675,Hippowdon (Master Ball Pattern),https://tcgplayer-cdn.tcgplayer.com/product/610675_200w.jpg,https://www.tcgplayer.com/product/610675/pokemon-sv-prismatic-evolutions-hippowdon-master-ball-pattern,55.0,7.49,7.4,2025-02-12 02:01:35,-2.5%
610676,Bloodmoon Ursaluna (Master Ball Pattern),https://tcgplayer-cdn.tcgplayer.com/product/610676_200w.jpg,https://www.tcgplayer.com/product/610676/pokemon-sv-prismatic-evolutions-bloodmoon-ursaluna-master-ball-pattern,59.0,8.6,10.28,2025-02-11 02:13:44,N/A
610677,Great Tusk (Master Ball Pattern),https://tcgplayer-cdn.tcgplayer.com/product/610677_200w.jpg,https://www.tcgplayer.com/product/610677/pokemon-sv-prismatic-evolutions-great-tusk-master-ball-pattern,35.0,7.38,9.61,2025-02-11 02:13:44,N/A
610678,Okidogi (Master Ball Pattern),https://tcgplayer-cdn.tcgplayer.com/product/610678_200w.jpg,https://www.tcgplayer.com/product/610678/pokemon-sv-prismatic-evolutions-okidogi-master-ball-pattern,66.0,8.5,8.64,2025-02-12 02:01:35,-0.8%
610679,Umbreon (Master Ball Pattern),https://tcgplayer-cdn.tcgplayer.com/product/610679_200w.jpg,https://www.tcgplayer.com/product/610679/pokemon-sv-prismatic-evolutions-umbreon-master-ball-pattern,31.0,257.97,301.57,2025-02-12 02:01:35,-1.05%
610680,Sneasel (Master Ball Pattern),https://tcgplayer-cdn.tcgplayer.com/product/610680_200w.jpg,https://www.tcgplayer.com/product/610680/pokemon-sv-prismatic-evolutions-sneasel-master-ball-pattern,89.0,4.68,6.15,2025-02-12 02:01:35,-0.16%
610681,Houndour (Master Ball Pattern),https://tcgplayer-cdn.tcgplayer.com/product/610681_200w.jpg,https://www.tcgplayer.com/product/610681/pokemon-sv-prismatic-evolutions-houndour-master-ball-pattern,68.0,10.95,13.35,2025-02-12 02:01:35,-1.18%
610682,Houndoom (Master Ball Pattern),https://tcgplayer-cdn.tcgplayer.com/product/610682_200w.jpg,https://www.tcgplayer.com/product/610682/pokemon-sv-prismatic-evolutions-houndoom-master-ball-pattern,58.0,13.0,21.39,2025-02-12 02:01:35,-3.47%
610683,Roaring Moon (Master Ball Pattern),https://tcgplayer-cdn.tcgplayer.com/product/610683_200w.jpg,https://www.tcgplayer.com/product/610683/pokemon-sv-prismatic-evolutions-roaring-moon-master-ball-pattern,38.0,18.0,22.5,2025-02-12 02:01:35,-0.4%
610684,Bronzor (Master Ball Pattern),https://tcgplayer-cdn.tcgplayer.com/product/610684_200w.jpg,https://www.tcgplayer.com/product/610684/pokemon-sv-prismatic-evolutions-bronzor-master-ball-pattern,73.0,2.73,3.0,2025-02-12 02:01:35,-1.32%
610685,Bronzong (Master Ball Pattern),https://tcgplayer-cdn.tcgplayer.com/product/610685_200w.jpg,https://www.tcgplayer.com/product/610685/pokemon-sv-prismatic-evolutions-bronzong-master-ball-pattern,30.0,4.0,4.98,2025-02-11 02:13:44,N/A
610686,Heatran (Master Ball Pattern),https://tcgplayer-cdn.tcgplayer.com/product/610686_200w.jpg,https://www.tcgplayer.com/product/610686/pokemon-sv-prismatic-evolutions-heatran-master-ball-pattern,94.0,5.2,4.86,2025-02-11 02:13:44,N/A
610687,Duraludon (Master Ball Pattern),https://tcgplayer-cdn.tcgplayer.com/product/610687_200w.jpg,https://www.tcgplayer.com/product/610687/pokemon-sv-prismatic-evolutions-duraludon-master-ball-pattern,71.0,8.21,9.4,2025-02-12 02:01:35,0.86%
610688,Archaludon (Master Ball Pattern),https://tcgplayer-cdn.tcgplayer.com/product/610688_200w.jpg,https://www.tcgplayer.com/product/610688/pokemon-sv-prismatic-evolutions-archaludon-master-ball-pattern,67.0,11.86,14.16,2025-02-12 02:01:35,-0.7%
610689,Dreepy (Master Ball Pattern),https://tcgplayer-cdn.tcgplayer.com/product/610689_200w.jpg,https://www.tcgplayer.com/product/610689/pokemon-sv-prismatic-evolutions-dreepy-master-ball-pattern,38.0,14.45,14.83,2025-02-11 02:13:44,N/A
610690,Drakloak (Master Ball Pattern),https://tcgplayer-cdn.tcgplayer.com/product/610690_200w.jpg,https://www.tcgplayer.com/product/610690/pokemon-sv-prismatic-evolutions-drakloak-master-ball-pattern,43.0,14.81,17.35,2025-02-11 02:13:44,N/A
610691,Eevee (Master Ball Pattern),https://tcgplayer-cdn.tcgplayer.com/product/610691_200w.jpg,https://www.tcgplayer.com/product/610691/pokemon-sv-prismatic-evolutions-eevee-master-ball-pattern,76.0,39.98,50.23,2025-02-12 02:01:35,-1.49%
610692,Hoothoot (Master Ball Pattern),https://tcgplayer-cdn.tcgplayer.com/product/610692_200w.jpg,https://www.tcgplayer.com/product/610692/pokemon-sv-prismatic-evolutions-hoothoot-master-ball-pattern,93.0,5.2,6.19,2025-02-11 02:13:44,N/A
610693,Noctowl (Master Ball Pattern),https://tcgplayer-cdn.tcgplayer.com/product/610693_200w.jpg,https://www.tcgplayer.com/product/610693/pokemon-sv-prismatic-evolutions-noctowl-master-ball-pattern,59.0,10.67,11.51,2025-02-12 02:01:35,-1.54%
610694,Dunsparce (Master Ball Pattern),https://tcgplayer-cdn.tcgplayer.com/product/610694_200w.jpg,https://www.tcgplayer.com/product/610694/pokemon-sv-prismatic-evolutions-dunsparce-master-ball-pattern,46.0,5.0,5.23,2025-02-12 02:01:35,-0.57%
610695,Dudunsparce (Master Ball Pattern),https://tcgplayer-cdn.tcgplayer.com/product/610695_200w.jpg,https://www.tcgplayer.com/product/610695/pokemon-sv-prismatic-evolutions-dudunsparce-master-ball-pattern,44.0,8.0,11.52,2025-02-12 02:01:35,-2.21%
610696,Miltank (Master Ball Pattern),https://tcgplayer-cdn.tcgplayer.com/product/610696_200w.jpg,https://www.tcgplayer.com/product/610696/pokemon-sv-prismatic-evolutions-miltank-master-ball-pattern,95.0,5.29,7.47,2025-02-12 02:01:35,-2.73%
610697,Buneary (Master Ball Pattern),https://tcgplayer-cdn.tcgplayer.com/product/610697_200w.jpg,https://www.tcgplayer.com/product/610697/pokemon-sv-prismatic-evolutions-buneary-master-ball-pattern,97.0,5.0,4.96,2025-02-12 02:01:35,-4.8%
610698,Lopunny (Master Ball Pattern),https://tcgplayer-cdn.tcgplayer.com/product/610698_200w.jpg,https://www.tcgplayer.com/product/610698/pokemon-sv-prismatic-evolutions-lopunny-master-ball-pattern,35.0,11.97,12.03,2025-02-11 02:13:44,N/A
610699,Fan Rotom (Master Ball Pattern),https://tcgplayer-cdn.tcgplayer.com/product/610699_200w.jpg,https://www.tcgplayer.com/product/610699/pokemon-sv-prismatic-evolutions-fan-rotom-master-ball-pattern,78.0,8.99,9.13,2025-02-12 02:01:35,-1.19%
610700,Regigigas (Master Ball Pattern),https://tcgplayer-cdn.tcgplayer.com/product/610700_200w.jpg,https://www.tcgplayer.com/product/610700/pokemon-sv-prismatic-evolutions-regigigas-master-ball-pattern,74.0,13.14,13.14,2025-02-11 02:13:44,N/A
610701,Shaymin (Master Ball Pattern),https://tcgplayer-cdn.tcgplayer.com/product/610701_200w.jpg,https://www.tcgplayer.com/product/610701/pokemon-sv-prismatic-evolutions-shaymin-master-ball-pattern,54.0,10.0,11.01,2025-02-12 02:01:35,-0.99%
610702,Furfrou (Master Ball Pattern),https://tcgplayer-cdn.tcgplayer.com/product/610702_200w.jpg,https://www.tcgplayer.com/product/610702/pokemon-sv-prismatic-evolutions-furfrou-master-ball-pattern,32.0,4.25,5.89,2025-02-11 02:13:44,N/A
610703,Hawlucha (Master Ball Pattern),https://tcgplayer-cdn.tcgplayer.com/product/610703_200w.jpg,https://www.tcgplayer.com/product/610703/pokemon-sv-prismatic-evolutions-hawlucha-master-ball-pattern,68.0,3.5,3.92,2025-02-12 02:01:35,-1.01%
610704,Noibat (Master Ball Pattern),https://tcgplayer-cdn.tcgplayer.com/product/610704_200w.jpg,https://www.tcgplayer.com/product/610704/pokemon-sv-prismatic-evolutions-noibat-master-ball-pattern,71.0,3.77,5.01,2025-02-12 02:01:35,-1.57%
614046,Code Card - Prismatic Evolutions Booster Pack,https://tcgplayer-cdn.tcgplayer.com/product/614046_200w.jpg,https://www.tcgplayer.com/product/614046/pokemon-sv-prismatic-evolutions-code-card-prismatic-evolutions-booster-pack,149.0,0.01,0.1,2025-02-04 20:46:31,N/A
614356,Prismatic Evolutions Mini Tin Display Case,https://tcgplayer-cdn.tcgplayer.com/product/614356_200w.jpg,https://www.tcgplayer.com/product/614356/pokemon-sv-prismatic-evolutions-prismatic-evolutions-mini-tin-display-case,4.0,999.99,1031.67,2025-02-12 02:01:35,3.17%
615027,Prismatic Evolutions Booster Bundle Case,https://tcgplayer-cdn.tcgplayer.com/product/615027_200w.jpg,https://www.tcgplayer.com/product/615027/pokemon-sv-prismatic-evolutions-prismatic-evolutions-booster-bundle-case,1.0,3999.99,,2025-01-26 00:31:25,N/A
616163,Code Card - Prismatic Evolutions Elite Trainer Box,https://tcgplayer-cdn.tcgplayer.com/product/616163_200w.jpg,https://www.tcgplayer.com/product/616163/pokemon-sv-prismatic-evolutions-code-card-prismatic-evolutions-elite-trainer-box,51.0,0.4,0.57,2025-02-12 02:01:35,-1.72%
616165,Code Card - Prismatic Evolutions Pokemon Center Elite Trainer Box,https://tcgplayer-cdn.tcgplayer.com/product/616165_200w.jpg,https://www.tcgplayer.com/product/616165/pokemon-sv-prismatic-evolutions-code-card-prismatic-evolutions-pokemon-center-elite-trainer-box,16.0,2.99,3.0,2025-02-11 02:13:44,N/A
616171,Code Card - Prismatic Evolutions Tech Sticker Collection [Glaceon],https://tcgplayer-cdn.tcgplayer.com/product/616171_200w.jpg,https://www.tcgplayer.com/product/616171/pokemon-sv-prismatic-evolutions-code-card-prismatic-evolutions-tech-sticker-collection-glaceon,20.0,0.1,0.15,2025-02-04 20:46:31,N/A
616180,Code Card - Prismatic Evolutions Poster Collection,https://tcgplayer-cdn.tcgplayer.com/product/616180_200w.jpg,https://www.tcgplayer.com/product/616180/pokemon-sv-prismatic-evolutions-code-card-prismatic-evolutions-poster-collection,37.0,0.15,0.34,2025-02-12 02:01:35,-2.86%
617807,Prismatic Evolutions Sleeved Booster Pack Art Bundle [Set of 4],https://tcgplayer-cdn.tcgplayer.com/product/617807_200w.jpg,https://www.tcgplayer.com/product/617807/pokemon-sv-prismatic-evolutions-prismatic-evolutions-sleeved-booster-pack-art-bundle-set-of-4,0.0,,,2025-02-11 02:13:43,N/A
617823,Prismatic Evolutions Booster Pack Art Bundle [Set of 4],https://tcgplayer-cdn.tcgplayer.com/product/617823_200w.jpg,https://www.tcgplayer.com/product/617823/pokemon-sv-prismatic-evolutions-prismatic-evolutions-booster-pack-art-bundle-set-of-4,4.0,49.98,49.98,2025-02-11 02:13:44,N/A
